time,distance,speed,first,second,third
0.02,0.001432538,0.1176178,1.312808,48.65506,-61.53256
0.04,0.007722378,0.314492,2.753166,50.16329,-63.49799
0.06,0.01797867,0.5128145,3.349328,49.96376,-61.34531
0.08,0.03089237,0.6456852,2.973112,51.53453,-60.41089
0.09999999,0.04442239,0.6765008,2.440896,53.36023,-59.75214
0.12,0.05771041,0.6644011,1.980025,54.86721,-59.36252
0.14,0.06985152,0.6070554,1.565915,55.58228,-59.00851
0.16,0.07950056,0.4824519,0.6634953,55.5267,-58.72107
0.18,0.08735955,0.3929496,0.3470315,54.61517,-59.93964
0.2,0.09599233,0.431639,0.3755133,52.80809,-61.73889
0.22,0.10616,0.5083859,0.6183257,50.56855,-63.69958
0.24,0.1177083,0.577414,0.642584,48.29597,-65.67569
0.26,0.1306791,0.6485403,0.6321846,46.27447,-67.66364
0.28,0.1454065,0.7363677,0.4833205,44.90367,-69.26233
0.3,0.1621438,0.8368671,0.3587783,44.40718,-70.76257
0.32,0.1807321,0.9294152,0.2432387,44.27205,-72.22839
0.34,0.2009166,1.009226,0.1209284,44.1387,-73.67929
0.36,0.2222949,1.068914,0.03249998,43.88508,-75.02121
0.38,0.2429029,1.030397,-0.06771851,45.06449,-76.36789
0.4,0.2606227,0.8859932,-0.2537842,44.14006,-75.43695
0.42,0.2769043,0.8140802,-0.4412231,42.28736,-73.91794
0.4400001,0.2922316,0.7663608,-0.5838623,40.9889,-72.92722
0.4600001,0.3068645,0.731647,-0.6004333,39.85105,-72.28436
0.4800001,0.3212807,0.7208109,-0.06536865,38.70434,-72.96356
0.5000001,0.3351651,0.6942213,0.4489484,36.93407,-74.26392
0.52,0.3478259,0.6330371,1.050614,34.48781,-75.64792
0.54,0.3598558,0.6014943,1.662074,32.17585,-77.0502
0.56,0.3715787,0.5861461,2.218859,30.07721,-78.44272
0.58,0.3834095,0.5915403,2.083102,28.01892,-79.21674
0.6,0.3951943,0.5892396,1.759987,26.07892,-79.76703
0.6199999,0.4070377,0.5921721,1.522751,24.1782,-80.22504
0.6399999,0.4189273,0.5944788,1.533092,22.28402,-80.69083
0.6599999,0.4310602,0.6066442,1.41478,20.42696,-81.1561
0.6799999,0.442463,0.5701423,1.907883,19.91158,-80.19916
0.6999999,0.452038,0.4787505,1.868705,20.73368,-78.75098
0.7199998,0.4604455,0.4203737,1.601544,22.14454,-77.17908
0.7399998,0.4679205,0.3737509,1.291556,23.54433,-75.58276
0.7599998,0.4748107,0.3445089,1.042758,24.72176,-73.96173
0.7799998,0.4810709,0.3130078,0.8490364,25.32155,-73.23242
0.7999998,0.4875044,0.3216743,0.7545657,25.50424,-72.66751
0.8199998,0.4946221,0.3558874,0.6685819,25.43698,-71.73737
0.8399997,0.5031986,0.4288256,0.6850706,25.56719,-70.54919
0.8599997,0.5139441,0.5372763,0.4759077,26.19464,-69.51434
0.8799997,0.5265228,0.6289303,0.63978,27.81763,-68.88821
0.8999997,0.5408398,0.7158518,0.7113129,29.78685,-68.4837
0.9199997,0.5562848,0.7722497,0.804159,32.31915,-68.15143
0.9399996,0.5723585,0.8036852,0.7631022,34.94322,-67.75775
0.9599996,0.5884825,0.8062005,0.6274247,37.61311,-67.39465
0.9799996,0.603731,0.7624269,0.4737918,40.05997,-67.0647
0.9999996,0.6177273,0.6998122,0.3373513,42.3208,-66.87112
1.02,0.6303312,0.6301939,0.2032472,43.84641,-66.69366
1.04,0.6420474,0.5858123,0.1244551,44.70486,-66.78958
1.06,0.653156,0.5554318,0.03947667,45.52212,-67.03622
1.08,0.6636208,0.5232394,-0.1253967,46.63569,-66.61856
1.1,0.6737865,0.5082846,-0.3680115,47.74953,-65.88986
1.12,0.683852,0.5032718,-0.5404053,48.64664,-64.91406
1.14,0.6940652,0.5106628,-0.6718445,49.3983,-63.89236
1.159999,0.7045727,0.5253732,-0.772644,50.15791,-62.83041
1.179999,0.7149984,0.5212843,-0.687439,51.60908,-63.06729
1.199999,0.7248493,0.4925489,-0.1885986,51.65184,-63.38766
1.219999,0.7343528,0.4751742,0.5765771,50.65417,-63.68799
1.239999,0.7441809,0.4914045,1.363635,48.02999,-63.38541
1.259999,0.7544731,0.5146086,2.106685,45.93391,-63.46017
1.279999,0.7649392,0.5233049,2.587874,44.94841,-63.87158
1.299999,0.7762282,0.56445,2.977302,44.43411,-64.48581
1.319999,0.7892267,0.6499231,3.224945,43.88089,-65.16299
1.339999,0.8039932,0.7383287,3.021547,43.2034,-65.79269
1.359999,0.8201427,0.807476,2.872496,42.61545,-66.44211
1.379999,0.8374466,0.8651912,3.040652,41.92879,-67.10284
1.399999,0.8551854,0.886941,3.263269,41.14536,-67.77869
1.419999,0.8725739,0.8694232,3.523216,40.41036,-68.42743
1.439999,0.8887626,0.809437,3.794279,40.31767,-69.26242
1.459999,0.9036932,0.7465303,4.193651,39.66394,-69.71872
1.479999,0.9178679,0.708735,4.210498,38.8694,-71.27429
1.499999,0.9319625,0.7047296,4.065824,37.28276,-73.15707
1.519999,0.9457079,0.6872714,3.70252,35.33094,-75.13458
1.539999,0.9592506,0.6771326,3.280188,33.49009,-77.13263
1.559999,0.9727567,0.6753087,2.843241,31.84509,-79.13028
1.579999,0.9861683,0.6705761,2.642036,29.76499,-79.80902
1.599999,0.9994019,0.6616831,2.603456,27.77509,-80.04706
1.619999,1.012617,0.6607533,2.699897,25.87658,-80.15121
1.639999,1.026025,0.6703973,2.877264,23.989,-80.2193
1.659999,1.039789,0.6881952,3.083325,22.06667,-80.27887
1.679999,1.053639,0.6924868,3.485984,20.69684,-79.58759
1.699999,1.066687,0.6524444,3.398977,19.97895,-78.57535
1.719999,1.07876,0.6036043,3.78741,20.13816,-77.50345
1.739999,1.089661,0.5450845,4.294258,20.58289,-76.39529
1.759999,1.099815,0.5076647,4.411251,20.66629,-75.2995
1.779999,1.108958,0.4571915,4.349357,22.23121,-74.67123
1.799999,1.117223,0.4132152,4.385776,23.31765,-74.17712
1.819999,1.124995,0.3886104,4.361759,23.38225,-72.53098
1.839999,1.133631,0.4317999,3.902543,23.09973,-70.16577
1.859999,1.144266,0.5317569,3.470039,23.23451,-67.83902
1.879999,1.156888,0.6311059,3.301026,24.08412,-66.06659
1.899999,1.171475,0.7293344,3.181144,26.47735,-65.23978
1.919999,1.187595,0.8060098,3.056435,29.57731,-64.54504
1.939999,1.205254,0.8829474,2.797377,32.14377,-64.00629
1.959999,1.223346,0.9046078,2.720526,34.65757,-63.50729
1.979999,1.23876,0.7706881,3.037703,37.13984,-63.94522
1.999999,1.252102,0.667119,2.997303,38.74838,-65.6246
2.019999,1.264601,0.6249189,2.850441,38.91212,-67.53427
2.039999,1.276801,0.6100178,2.506804,38.17819,-69.51346
2.059999,1.289018,0.6108284,2.242934,37.20317,-71.53314
2.079999,1.300166,0.5574107,2.141196,37.80803,-71.51999
2.099999,1.310806,0.5320311,2.131986,38.81931,-70.62354
2.119999,1.322396,0.5794764,2.029387,39.50772,-68.98737
2.139999,1.335305,0.6454706,2.017441,40.31939,-67.2348
2.159999,1.349735,0.7214904,2.037354,41.16745,-65.38763
2.179999,1.365084,0.7674456,2.204701,43.02739,-64.75854
2.199999,1.38037,0.7642865,2.429253,44.85502,-64.49625
2.219999,1.394978,0.7304192,2.730916,46.4375,-64.1676
2.239999,1.408484,0.6752729,2.812325,47.50949,-63.95734
2.259999,1.421087,0.6301641,2.86023,48.64305,-64.38608
2.279999,1.431657,0.5285263,2.418298,48.01249,-65.22052
2.299999,1.441282,0.4812479,1.864898,46.21726,-66.16522
2.319999,1.451132,0.4924655,1.231766,44.46385,-67.14523
2.339998,1.46253,0.5699396,1.093064,42.93613,-68.25098
2.359998,1.47505,0.625968,0.9711161,41.11543,-69.38068
2.379998,1.489045,0.6997347,1.232638,39.78385,-69.87408
2.399998,1.503781,0.7368207,1.361606,39.46144,-70.03839
2.419998,1.518866,0.7542491,1.592731,39.57209,-69.91412
2.439998,1.534223,0.767839,1.708161,39.95982,-69.89841
2.459998,1.549843,0.7810116,1.806132,40.42365,-70.08545
2.479998,1.565018,0.7587552,1.536529,40.64874,-71.09143
2.499998,1.578998,0.6990194,1.48324,39.49681,-71.76706
2.519998,1.592546,0.677371,1.345047,38.59059,-73.02289
2.539998,1.60615,0.6801844,1.5723,37.30063,-74.16199
2.559998,1.619517,0.6683826,1.600067,36.06511,-75.34531
2.579998,1.631498,0.5990386,1.556909,34.5268,-76.59207
2.599998,1.643075,0.5788326,1.329408,32.41305,-77.66931
2.619998,1.654627,0.5776405,1.239905,30.28158,-78.70209
2.639998,1.666391,0.5881548,1.220503,28.2042,-79.72763
2.659998,1.678445,0.6027102,1.280415,26.19117,-80.75818
2.679998,1.690487,0.6021261,1.292036,24.07304,-80.64795
2.699998,1.701967,0.5739689,1.240717,22.14466,-80.11774
2.719998,1.713016,0.5524516,1.178869,20.44704,-79.44861
2.739998,1.724043,0.551343,1.151711,18.86727,-78.73672
2.759998,1.734734,0.5345941,1.629521,17.39961,-77.99246
2.779998,1.744158,0.4711986,2.309562,17.54062,-76.5242
2.799998,1.752511,0.417614,2.267212,19.09805,-74.77332
2.819998,1.760639,0.4064322,2.418397,20.18094,-73.08411
2.839998,1.768774,0.4067302,2.387037,21.56208,-72.56546
2.859998,1.777511,0.4368663,2.210054,22.42173,-71.3074
2.879998,1.787273,0.4880905,1.720572,22.66918,-69.35501
2.899998,1.79868,0.5703568,1.34319,23.57441,-68.0271
2.919998,1.811959,0.6639361,1.005627,25.29419,-67.47293
2.939998,1.827181,0.7611156,0.6962072,27.32005,-67.27905
2.959998,1.843928,0.837338,0.432682,29.88383,-67.21576
2.979998,1.861454,0.8762956,0.4569831,33.20344,-68.29391
2.999998,1.876387,0.7466435,0.7451108,35.27508,-68.64828
3.019998,1.889754,0.6683826,1.143072,36.88017,-70.14893
3.039998,1.902735,0.6490111,1.390353,37.41679,-71.64374
3.059998,1.916061,0.6663322,1.250943,37.31675,-73.14621
3.079998,1.929868,0.690341,0.7862728,36.68986,-72.31921
3.099998,1.943187,0.6659269,0.8650885,37.59133,-71.02838
3.119998,1.956686,0.674963,0.9389823,38.86145,-70.07547
3.139998,1.970716,0.701499,0.9849488,39.6546,-68.42075
3.159998,1.985553,0.7418752,0.9931254,40.26019,-66.46222
3.179998,2.001148,0.779742,0.8956029,41.43639,-64.94604
3.199998,2.017164,0.8008003,0.7587604,42.79552,-63.60785
3.219998,2.033319,0.8077145,0.5874304,44.16022,-62.28738
3.239998,2.049421,0.8051157,0.3865024,45.52497,-61.01257
3.259998,2.065535,0.8057117,0.1002265,46.39465,-59.75693
3.279998,2.081501,0.7982731,-0.37146,47.9818,-59.90164
3.299998,2.096913,0.7706404,-0.8386841,48.85282,-60.08359
3.319998,2.111851,0.74687,-1.160034,48.97144,-60.11664
3.339998,2.12612,0.7134676,-1.48584,48.27806,-59.93643
3.359998,2.138709,0.629425,-2.02359,48.29987,-60.11411
3.379997,2.149034,0.5162716,-2.094452,48.24912,-61.1492
3.399997,2.158972,0.496912,-1.722107,47.98477,-62.65625
3.419997,2.170046,0.5536795,-1.233276,47.32018,-64.33704
3.439997,2.182782,0.6367922,-0.7615967,46.38077,-66.04816
3.459997,2.196975,0.7096529,-0.374115,45.42178,-67.73029
3.479997,2.212175,0.7600069,0.1162994,44.65075,-68.74939
3.499997,2.228151,0.7987976,0.5106272,44.4271,-69.57245
3.519997,2.24449,0.8169651,0.8685299,44.46339,-70.3093
3.539997,2.260464,0.7986784,1.135423,44.46035,-70.93872
3.559997,2.275674,0.7605076,1.476269,44.44487,-71.59344
3.579997,2.289905,0.7115364,1.640031,43.65178,-72.57065
3.599997,2.302883,0.6489038,1.694234,41.99796,-73.68747
3.619997,2.315257,0.6187201,1.699908,40.02654,-74.86435
3.639997,2.327056,0.5899668,1.705323,37.92153,-76.06512
3.659997,2.338718,0.5831003,1.642822,35.87769,-77.25613
3.679997,2.34998,0.5630732,1.538299,33.82377,-78.33606
3.699997,2.361123,0.5571604,1.480315,31.78788,-79.35596
3.719997,2.372187,0.5531788,1.587755,29.77969,-80.3696
3.739997,2.38348,0.5646706,1.648426,27.80818,-81.38901
3.759997,2.395353,0.5936623,1.753336,25.86527,-82.41489
3.779997,2.407401,0.6023645,2.204977,23.73761,-81.86035
3.799997,2.418845,0.5722046,2.345626,22.33912,-80.73715
3.819997,2.429394,0.5274773,2.994943,21.70164,-79.4252
3.839997,2.439065,0.4835606,2.771585,21.0191,-77.99658
3.859997,2.448987,0.4961014,2.153235,20.04001,-76.58289
3.879997,2.458695,0.4853964,1.730105,20.00873,-74.80484
3.899997,2.467402,0.4353046,1.918205,21.03469,-72.90158
3.919997,2.475286,0.3942251,2.312648,21.83118,-72.35629
3.939997,2.483322,0.401783,1.83173,21.77037,-70.60538
3.959997,2.493,0.4838943,1.43219,21.77475,-68.30939
3.979997,2.504778,0.5889416,1.457888,23.13409,-66.96164
3.999997,2.518297,0.6759167,1.787608,25.70005,-66.35486
4.019997,2.533337,0.7520199,1.694139,28.65571,-66.4556
4.039997,2.549049,0.7855892,1.408541,31.12306,-66.67429
4.059997,2.564632,0.7791758,1.58744,33.65859,-66.74741
4.079997,2.578051,0.6709337,1.995954,36.71833,-67.01099
4.099997,2.590427,0.6188154,2.541893,38.97836,-67.3923
4.119997,2.602784,0.6178379,2.7035,40.09998,-67.80206
4.139997,2.615442,0.632906,2.863686,40.95459,-68.59235
4.159997,2.62786,0.6208897,3.313072,42.48233,-69.81363
4.179997,2.639977,0.6058455,3.480059,43.35297,-68.97369
4.199997,2.652736,0.6379604,3.497429,43.71521,-67.24942
4.219997,2.666563,0.6913424,3.415519,43.9978,-65.25955
4.239997,2.681491,0.7463932,3.236137,44.36197,-63.09592
4.259997,2.69754,0.8024693,3.028423,44.92492,-60.87784
4.279997,2.714284,0.837183,2.584548,47.23788,-60.72253
4.299997,2.729229,0.7472754,2.065964,49.0332,-60.36871
4.319997,2.74231,0.654006,1.51849,49.64498,-60.57993
4.339997,2.753346,0.5518198,1.083092,49.60489,-60.92291
4.359997,2.762856,0.4755259,0.7433881,49.13103,-61.26038
4.379997,2.771399,0.4271507,0.4217285,48.20476,-62.69269
4.399997,2.780492,0.4546165,0.1854635,46.98903,-64.48682
4.419997,2.790703,0.5105495,-0.07980347,45.77322,-66.40207
4.439997,2.802425,0.5861044,-0.1967468,44.7719,-68.40015
4.459997,2.816047,0.6810904,-0.2576294,43.91091,-70.40869
4.479997,2.832245,0.8099318,-0.1727905,43.08909,-71.19888
4.499997,2.850479,0.911665,0.1046164,42.65152,-71.55762
4.519997,2.870057,0.978899,0.4789316,42.38551,-71.76233
4.539997,2.890263,1.010323,0.9249889,42.10462,-71.9021
4.559997,2.910232,0.9984255,1.430497,41.7303,-72.0177
4.579997,2.929074,0.942111,1.727082,40.78778,-72.93842
4.599997,2.94639,0.8657932,1.949396,38.99944,-74.18826
4.619997,2.962847,0.8228779,2.207201,36.97943,-75.57245
4.639997,2.97864,0.7896185,2.417213,34.88159,-76.99811
4.659997,2.994229,0.7794619,2.589181,32.85837,-78.42862
4.679996,3.009312,0.7541656,2.6174,30.64366,-79.37393
4.699996,3.023262,0.6974936,2.503937,28.51873,-80.09732
4.719996,3.036163,0.6450653,3.01605,27.00106,-80.75922
4.739996,3.047919,0.5877972,2.865975,25.43454,-81.33096
4.759996,3.059184,0.5632401,2.397504,23.55104,-81.93518
4.779996,3.070282,0.5548716,1.968114,22.85156,-80.81586
4.799996,3.079578,0.4648447,1.876797,23.70844,-79.11664
4.819996,3.087485,0.3953457,2.124919,24.48,-77.30206
4.839996,3.094698,0.3606319,2.222958,25.08438,-76.36319
4.859996,3.102435,0.3868341,2.252419,25.33814,-74.74481
4.879996,3.111671,0.4618168,1.900623,25.36965,-72.72958
4.899996,3.123216,0.5772591,1.979803,27.22073,-71.66367
4.919996,3.136787,0.6785631,2.035689,29.72969,-70.74481
4.939996,3.152448,0.7830381,1.750298,32.0645,-70.05951
4.959996,3.169779,0.8665562,1.55261,34.63981,-69.5777
4.979996,3.188185,0.9202957,1.670426,38.10058,-70.25574
4.999996,3.205051,0.8432865,1.827012,40.19659,-70.13983
5.019996,3.219617,0.7282972,1.961557,41.52113,-70.85608
5.039996,3.233641,0.7012129,2.187586,42.03784,-71.68024
5.059996,3.247228,0.6793499,2.200785,42.18824,-72.58524
5.079996,3.260647,0.6709337,2.129321,41.99988,-71.97989
5.099996,3.274057,0.6705046,2.209031,42.6297,-70.92773
5.119996,3.287423,0.6683111,2.44664,44.42997,-70.40045
5.139996,3.301121,0.6849051,2.677034,45.99028,-69.49121
5.159996,3.31524,0.7059574,2.719212,47.19942,-68.29584
5.179996,3.329488,0.7123709,2.1817,48.1543,-66.62238
5.199996,3.34391,0.7211208,1.453756,48.7868,-64.74438
5.219996,3.358463,0.7276297,0.7978773,49.05452,-62.68405
5.239996,3.373184,0.7360697,0.06781221,49.05017,-60.6647
5.259996,3.38829,0.7552862,-0.6757813,49.23477,-58.86395
5.279996,3.403903,0.7806301,-1.232788,50.54956,-59.63232
5.299996,3.419457,0.7777452,-1.426483,51.38264,-60.88318
5.319996,3.434976,0.7759333,-1.332581,51.37651,-62.10349
5.339996,3.450236,0.763011,-1.108459,51.09972,-63.33093
5.359996,3.463606,0.6685019,-1.178864,50.58106,-64.3331
5.379996,3.474019,0.5206108,-0.7166748,49.25795,-65.35019
5.399996,3.483312,0.464654,-0.2407837,47.56474,-66.53119
5.419996,3.493281,0.4984617,0.4468158,46.01343,-67.89413
5.439996,3.504107,0.5412817,0.9896779,44.5503,-69.18695
5.459996,3.515852,0.5872726,1.436886,43.35141,-70.47052
5.479996,3.529038,0.6592989,1.232655,42.26707,-70.63565
5.499996,3.544276,0.7618904,0.9151576,41.86649,-70.46072
5.519996,3.561693,0.8708477,0.6040483,41.75963,-70.18414
5.539996,3.581187,0.9747028,0.2977681,41.61296,-69.87704
5.559996,3.602529,1.067114,-0.02389526,41.31856,-69.55917
5.579996,3.624826,1.114845,0.4466776,40.45469,-69.47833
5.599996,3.645783,1.04785,0.7696973,39.65779,-69.86929
5.619996,3.66466,0.9438276,1.235992,38.83388,-70.24719
5.639996,3.682113,0.8726597,1.885729,37.7143,-70.41428
5.659996,3.699466,0.8676767,2.083115,35.90205,-69.72003
5.679996,3.716621,0.8577347,2.737411,34.70903,-70.72372
5.699996,3.733494,0.8436441,3.231722,32.61286,-72.46686
5.719995,3.750418,0.8461952,3.367203,30.13542,-74.42477
5.739995,3.767715,0.8648872,3.425303,27.93124,-76.42679
5.759995,3.784906,0.8595467,3.582716,25.87868,-78.39169
5.779995,3.801105,0.8099556,3.94889,23.47984,-79.28442
5.799995,3.804559,0.1726866,5.598592,15.29846,-79.3746
5.819995,3.811111,0.327611,7.422521,7.627213,-79.31674
5.839995,3.8173,0.3094435,7.566806,6.237116,-79.3515
5.859995,3.821998,0.2348661,7.675572,5.327584,-79.33307
5.879995,3.825264,0.1633406,8.018114,5.381194,-79.30176
5.899995,3.82744,0.1087904,8.141046,5.233144,-79.32312
5.919995,3.829371,0.09653568,9.099226,4.782766,-79.33514
5.939995,3.831823,0.1226187,9.605482,4.239064,-79.33655
5.959995,3.835458,0.1817226,9.842316,3.643317,-79.35071
5.979995,3.84019,0.2366304,9.978375,3.755653,-79.26074
5.999995,3.844104,0.195694,9.707013,5.434144,-81.97052
6.019995,3.847752,0.1823664,9.471943,4.570714,-79.32922
6.039995,3.852087,0.216794,9.45319,5.474017,-79.33777
6.059995,3.856482,0.2197266,10.00834,6.482064,-79.36261
6.079995,3.860372,0.1945019,9.897661,7.939255,-79.33008
6.099995,3.861983,0.08056164,9.630763,9.883524,-79.2807
6.119995,3.864839,0.142765,9.391462,14.61336,-85.77686
6.139995,3.866053,0.06072521,8.712424,11.48714,-79.87024
6.159995,3.86914,0.1543283,8.561476,11.1036,-78.30737
6.179995,3.87358,0.2220154,7.985306,18.34305,-85.7048
6.199995,3.875838,0.112915,6.702933,15.79331,-80.25934
6.219995,3.881482,0.2821684,4.481339,16.39198,-79.38235
6.239995,3.889806,0.4162312,2.127003,18.24561,-79.3728
6.259995,3.899828,0.5011082,0.3853866,21.13108,-79.9762
6.279995,3.910875,0.5523443,-0.7242432,23.96133,-80.46283
6.299995,3.922293,0.5708933,-1.190186,26.68136,-80.76923
6.319995,3.933929,0.5818129,-1.407257,28.94361,-80.71155
6.339995,3.945751,0.5910635,-1.473358,30.96691,-80.4899
6.359995,3.957764,0.6006718,-1.664764,32.82909,-80.31854
6.379995,3.969774,0.6005049,-1.58551,34.4894,-80.27466
6.399995,3.981716,0.5970716,-1.355347,35.85425,-80.27808
6.419995,3.99362,0.5952358,-0.9864807,36.9594,-80.2756
6.439995,4.00565,0.6014824,-0.6153259,37.80072,-80.26007
6.459995,4.01729,0.5820036,-0.1970825,38.52617,-79.86093
6.479995,4.027761,0.5235672,0.5737688,39.24444,-79.34641
6.499995,4.036521,0.4379749,1.368218,40.00861,-79.02414
6.519995,4.043781,0.3629923,2.192901,40.81903,-79.11484
6.539995,4.049562,0.2890825,2.997665,41.1412,-79.19775
6.559995,4.054066,0.2251863,3.909711,41.44957,-79.56369
6.579995,4.057741,0.1837492,4.458201,41.44815,-79.38354
6.599995,4.061331,0.1794815,4.772057,41.8368,-79.38882
6.619995,4.065472,0.2070665,4.405758,43.04496,-79.7655
6.639995,4.070518,0.2522707,4.036799,44.23414,-79.84787
6.659995,4.076569,0.302577,3.452267,45.80326,-80.12241
6.679995,4.083651,0.3540754,3.055596,47.54083,-80.48444
6.699995,4.091804,0.4076719,2.402866,49.3279,-80.5603
6.719995,4.100585,0.4390478,1.820033,51.10624,-80.36984
6.739995,4.109896,0.46556,1.315336,52.69803,-80.07553
6.759995,4.11941,0.4756689,0.9718978,54.47738,-79.76758
6.779994,4.128518,0.4554272,0.7047035,56.98828,-79.61945
6.799994,4.136061,0.3771544,0.8544511,59.46228,-79.10413
6.819994,4.141172,0.2555609,1.130414,61.36497,-79.09421
6.839994,4.143805,0.1316071,1.133408,62.48042,-79.1098
6.859994,4.144383,0.02894402,1.028112,63.13206,-79.13919
6.879994,4.143923,-0.02300739,0.8516929,63.59563,-79.19647
6.899994,4.1429,-0.05114079,0.8135368,63.87272,-79.21661
6.919994,4.141531,-0.06849766,0.7176066,64.49228,-79.4455
6.939994,4.140173,-0.06787777,0.3402608,65.53862,-79.96082
6.959994,4.139088,-0.05426407,0.1645219,66.41856,-80.26599
6.979994,4.137218,-0.09350777,0.3308771,65.5357,-79.59827
6.999994,4.135437,-0.08900166,0.4770815,63.98379,-79.26688
7.019994,4.134271,-0.05834103,0.5801578,62.06312,-79.24072
7.039994,4.134419,0.00743866,0.5373247,60.1067,-79.29398
7.059994,4.135857,0.0718832,0.6313848,58.17398,-79.33893
7.079994,4.138534,0.1338482,1.048116,56.30707,-79.41159
7.099994,4.142954,0.2209902,1.6562,54.80657,-79.68726
7.119994,4.149375,0.3210783,2.165046,53.18601,-79.76334
7.139994,4.157605,0.4114866,2.650906,51.4015,-79.83936
7.159994,4.166667,0.4530907,3.083029,49.33941,-79.83524
7.179994,4.175887,0.4610062,3.344322,46.97691,-79.61023
7.199994,4.185684,0.489831,3.649297,44.72616,-79.48187
7.219994,4.196595,0.5455732,3.928919,43.16257,-79.80109
7.239994,4.208171,0.5788088,4.424142,41.92063,-80.19229
7.259994,4.21838,0.5104303,5.168151,40.19575,-80.43332
7.279994,4.227206,0.4412889,5.284443,37.89049,-79.95151
7.299994,4.235163,0.3978491,5.073778,36.02965,-79.71631
7.319994,4.242457,0.3647327,4.755885,34.57313,-79.76877
7.339994,4.249504,0.3523111,4.315357,32.94209,-79.92847
7.359994,4.253816,0.2156019,5.310441,31.40319,-79.79584
7.379994,4.254602,0.03933907,5.491912,30.05171,-79.42749
7.399994,4.252837,-0.08826256,4.606259,29.68747,-79.31827
7.419994,4.250382,-0.1227379,3.97049,29.83273,-79.35019
7.439994,4.248442,-0.09701252,3.426633,30.398,-79.87436
7.459994,4.247998,-0.02222061,2.935885,31.14473,-80.58054
7.479994,4.249622,0.08120537,2.64485,32.17504,-81.0556
7.499994,4.253354,0.1866102,2.501493,33.31178,-81.14713
7.519994,4.259235,0.2940416,2.418401,34.60248,-80.98013
7.539994,4.267095,0.3930092,2.362767,36.14743,-80.72278
7.559994,4.276268,0.4586458,2.352394,38.0699,-80.39175
7.579994,4.286267,0.4999638,2.157135,39.80205,-79.9592
7.599994,4.296646,0.5189419,2.05513,42.6708,-79.89197
7.619994,4.306296,0.4825115,2.039336,46.07154,-79.63272
7.639994,4.314597,0.4150391,1.984995,49.06833,-79.66248
7.659994,4.321552,0.3477335,1.803391,51.10707,-80.03033
7.679994,4.326991,0.2719641,1.837276,52.52065,-80.22025
7.699994,4.331361,0.2185106,1.908387,53.30493,-80.16998
7.719994,4.334736,0.1687288,1.970239,53.74177,-79.98459
7.739994,4.337155,0.1209497,1.954094,53.99226,-79.85626
7.759994,4.338655,0.07498264,1.891508,54.23643,-79.78748
7.779994,4.339382,0.03638268,1.7118,54.11357,-79.87964
7.799994,4.340203,0.04105568,1.602056,53.874,-80.16425
7.819993,4.341059,0.04279613,1.614255,53.33689,-80.2818
7.839993,4.341502,0.02214909,1.605729,52.38056,-80.23199
7.859993,4.341169,-0.01666546,1.512698,51.1745,-80.08582
7.879993,4.340011,-0.05788803,1.238381,50.04332,-79.90024
7.899993,4.338227,-0.08921623,0.8262025,49.1483,-79.9238
7.919993,4.336689,-0.07691383,0.3782212,48.49593,-80.26166
7.939993,4.335719,-0.04849434,0.05241952,47.9861,-80.47791
7.959993,4.335687,-0.001597404,-0.2386475,47.45748,-80.60715
7.979993,4.337051,0.06821156,-0.3822327,47.16106,-80.74377
7.999993,4.339674,0.1311541,-0.59552,46.66759,-80.64075
8.019994,4.343362,0.1844168,-0.8194885,46.25969,-80.41931
8.039994,4.348126,0.2381802,-1.023468,46.4635,-80.16605
8.059995,4.352585,0.2229452,-1.012421,47.4259,-79.77814
8.079995,4.355206,0.1310587,-1.194183,49.52882,-78.95776
8.099996,4.356166,0.0480175,-1.495392,52.87197,-79.24762
8.119996,4.355811,-0.01778603,-1.85437,55.54209,-79.25021
8.139997,4.355095,-0.03576279,-2.727997,57.60948,-79.85992
8.159997,4.356634,0.07693768,-3.561951,58.69378,-81.47607
8.179997,4.357366,0.03657341,-3.959412,58.86808,-79.79099
8.199998,4.355596,-0.08847713,-3.243317,61.12495,-79.15494
8.219998,4.353008,-0.1294136,-2.983154,62.99546,-79.3714
8.239999,4.351784,-0.06117821,-3.426147,63.70303,-79.9541
8.259999,4.351608,-0.008797646,-3.291138,63.84373,-79.97812
8.28,4.351743,0.006747246,-2.825531,63.98389,-79.93524
0.02,1.192093E-07,5.960464E-06,-9.340381E-06,40,-75
0.04,0.002909422,0.1631439,-0.07376099,42.22418,-70.54626
0.06,0.00745976,0.2275169,0.4788885,42.08146,-69.31116
0.08,0.01552391,0.4032075,0.03317728,42.4333,-67.52521
0.09999999,0.02634239,0.5409241,-0.8087769,43.37371,-65.27481
0.12,0.03937817,0.6517887,-1.591217,44.55919,-63.07733
0.14,0.05443299,0.7527411,-1.932892,46.47091,-61.31442
0.16,0.0714128,0.8489907,-1.937988,48.84065,-59.87378
0.18,0.08888078,0.8733988,-1.444641,52.57427,-60.84924
0.2,0.1051708,0.8145034,-0.875,55.19296,-62.59937
0.22,0.1187435,0.6786346,-0.3955078,54.88091,-64.30557
0.24,0.1311119,0.6184161,0.2936583,52.04294,-65.30701
0.26,0.1422638,0.5575955,0.5126944,50.42345,-67.2196
0.28,0.1525998,0.5168021,0.5961645,48.44961,-67.94641
0.3,0.1637815,0.5590856,0.6168766,46.68937,-68.33917
0.32,0.1765786,0.6398559,0.4540819,44.87818,-68.57095
0.34,0.1911285,0.7274926,0.315566,43.07573,-68.74039
0.36,0.2075319,0.8201718,0.0440137,41.39424,-68.89737
0.38,0.2259395,0.9203792,-0.03808594,40.43403,-69.10864
0.4,0.245877,0.9968758,-0.03295898,40.03809,-69.34628
0.42,0.266886,1.050448,0.0005811218,39.86839,-69.59241
0.4400001,0.2885721,1.084304,0.04029635,39.71371,-69.83954
0.4600001,0.3097523,1.059014,0.1446499,39.47536,-69.91772
0.4800001,0.3289089,0.9578288,-0.2271729,39.16808,-70.40524
0.5000001,0.346323,0.8707047,0.1517756,38.48405,-71.35989
0.52,0.3630953,0.8386135,0.6835938,37.0466,-72.45111
0.54,0.3792652,0.8084953,0.9865508,35.35962,-73.50061
0.56,0.3951092,0.7921994,1.15337,33.82593,-74.51001
0.58,0.4106492,0.7770002,1.08056,32.08526,-75.54962
0.6,0.425738,0.7544398,0.8464981,30.12638,-76.56451
0.6199999,0.4406168,0.7439435,0.5973054,28.15165,-77.57782
0.6399999,0.4544488,0.6915987,0.9465678,26.23794,-78.56906
0.6599999,0.4664916,0.602138,1.591126,24.32725,-79.56085
0.6799999,0.4768208,0.5164623,1.322735,23.59273,-78.65802
0.6999999,0.4859648,0.4571974,0.9202833,24.52728,-77.13055
0.7199998,0.494084,0.4059613,0.5979089,26.15325,-75.42258
0.7399998,0.5017384,0.3827214,0.4269532,27.2813,-74.15347
0.7599998,0.5093868,0.3824174,0.2873855,28.38704,-73.62146
0.7799998,0.5176755,0.4144371,0.1069337,28.04709,-71.52408
0.7999998,0.5276804,0.5002439,-0.1467285,27.54593,-68.97653
0.8199998,0.5402067,0.6263137,-0.3053589,27.85892,-66.67361
0.8399997,0.5556518,0.7722557,-0.3954468,28.98592,-64.5979
0.8599997,0.5740469,0.9197533,-0.4558716,30.88104,-62.63211
0.8799997,0.5944908,1.022196,-0.08029175,35.02302,-63.3418
0.8999997,0.6148032,1.015621,0.4923139,39.42794,-65.0925
0.9199997,0.6336343,0.9415567,0.9762765,41.44653,-66.6546
0.9399996,0.6505361,0.8450866,1.759677,41.43135,-68.01227
0.9599996,0.6663886,0.7926285,2.526669,41.5481,-70.02011
0.9799996,0.6808721,0.7241726,2.868263,41.43811,-69.54086
0.9999996,0.6945615,0.6844699,2.941259,42.1132,-68.16547
1.02,0.7081454,0.6791949,2.836005,43.12128,-66.65033
1.04,0.721791,0.6822824,2.705824,44.0997,-65.09613
1.06,0.7355975,0.6903231,2.600979,44.98857,-63.45959
1.08,0.7497978,0.7100165,2.157708,46.65679,-62.6467
1.1,0.7641549,0.7178545,1.624067,48.28515,-61.85757
1.12,0.7786334,0.7239223,1.200389,49.60921,-60.9729
1.14,0.7933873,0.7376969,0.948623,50.36244,-59.91022
1.159999,0.808515,0.7563829,0.7706543,51.248,-59.05893
1.179999,0.8238058,0.7645428,0.577092,51.89001,-59.71289
1.199999,0.8371307,0.6662428,0.2546602,51.34324,-60.30927
1.219999,0.8488411,0.5855203,-0.2692871,49.34064,-60.57565
1.239999,0.8604902,0.5824566,-0.7932129,47.27912,-61.0921
1.259999,0.87351,0.65099,-1.134888,45.52795,-61.78018
1.279999,0.8877562,0.7123113,-1.18985,44.20098,-62.8833
1.299999,0.9034766,0.7860184,-1.105316,43.65578,-64.41309
1.319999,0.9211242,0.8823812,-0.9304199,43.61519,-66.05832
1.339999,0.9406235,0.9749651,-0.750824,43.7381,-67.73541
1.359999,0.9618374,1.060694,-0.5839233,43.84345,-69.41733
1.379999,0.9842137,1.118815,-0.161438,43.37214,-70.47775
1.399999,1.005204,1.049519,-0.1045227,42.81769,-71.3479
1.419999,1.024356,0.9576082,-0.1539307,41.98307,-71.75677
1.439999,1.042461,0.9052277,0.4633681,41.10684,-72.16516
1.459999,1.059473,0.850606,0.8908903,40.4359,-73.17273
1.479999,1.075599,0.8063197,1.115788,38.88418,-74.37021
1.499999,1.091235,0.7817626,1.201574,36.84609,-75.63629
1.519999,1.106626,0.7695675,1.250507,34.69233,-76.92612
1.539999,1.121935,0.7654309,1.322048,32.59349,-78.22968
1.559999,1.137307,0.7686019,1.420145,30.56253,-79.54007
1.579999,1.152486,0.7589698,1.903951,28.26314,-80.06549
1.599999,1.16673,0.7121801,1.85862,26.05097,-80.25574
1.619999,1.180068,0.6669164,2.411303,24.41106,-80.37708
1.639999,1.192396,0.6163955,3.009212,23.00414,-80.40942
1.659999,1.203845,0.5724669,2.823014,21.26449,-80.40668
1.679999,1.215111,0.5632758,2.133621,20.75799,-79.09494
1.699999,1.225382,0.5135655,1.481568,21.58951,-77.34384
1.719999,1.234993,0.4805446,1.04862,23.37405,-75.44028
1.739999,1.244473,0.474,1.241271,24.57069,-74.55719
1.759999,1.254267,0.4897118,1.008925,25.50717,-73.71646
1.779999,1.264941,0.5337119,0.7326822,25.58895,-71.74823
1.799999,1.277147,0.61028,0.5147424,25.73798,-69.72873
1.819999,1.291333,0.7092953,0.4916456,26.70758,-68.22968
1.839999,1.307613,0.8140206,0.586928,28.31843,-67.06665
1.859999,1.325868,0.9127498,0.7448735,30.42461,-66.02771
1.879999,1.345522,0.982666,0.9478868,34.01439,-66.82935
1.899999,1.365022,0.9750128,1.017126,37.7248,-68.39322
1.919999,1.382589,0.878346,1.090224,39.30941,-69.55899
1.939999,1.399332,0.8371711,1.145382,40.20588,-71.17035
1.959999,1.416139,0.8403301,0.9672196,40.62592,-72.90244
1.979999,1.432913,0.8387208,0.6932592,41.12065,-72.22604
1.999999,1.44949,0.8288383,0.5797336,42.85182,-71.12622
2.019999,1.466574,0.854218,0.4411585,44.24681,-69.45093
2.039999,1.48425,0.8837819,0.3294889,45.49778,-67.59314
2.059999,1.502559,0.9154677,0.2462914,46.62635,-65.51093
2.079999,1.521337,0.9389043,-0.01071167,48.53133,-64.29285
2.099999,1.539987,0.932467,-0.2607422,50.1665,-63.0141
2.119999,1.558258,0.9135604,-0.3946533,51.32931,-61.49054
2.139999,1.574389,0.8065701,-0.3800354,52.45702,-59.87607
2.159999,1.586024,0.5817294,-0.4691772,53.43597,-58.66266
2.179999,1.59409,0.4033208,-0.09127808,53.71829,-59.3111
2.199999,1.601382,0.3645897,0.616632,52.94003,-60.70239
2.219999,1.610167,0.4392385,1.31729,51.43479,-62.32294
2.239999,1.620997,0.5415082,1.847785,49.63437,-63.93121
2.259999,1.633572,0.6287217,2.379729,47.92808,-65.53354
2.279999,1.648044,0.7236123,2.47755,46.35492,-66.34741
2.299999,1.664475,0.8215785,2.517108,45.40712,-66.92249
2.319999,1.682797,0.9160638,2.609426,44.75896,-67.43079
2.339998,1.702719,0.9961367,2.707063,44.09663,-67.91693
2.359998,1.723909,1.059484,2.776978,43.31816,-68.39212
2.379998,1.745633,1.086187,3.085279,42.22987,-68.72284
2.399998,1.766567,1.046729,3.04563,40.71771,-68.92804
2.419998,1.785256,0.9344459,3.278949,40.66093,-69.93597
2.439998,1.802676,0.8709788,2.705817,39.61579,-69.62128
2.459998,1.819637,0.8480549,2.959153,37.80338,-69.09784
2.479998,1.836028,0.8195758,3.219067,36.1536,-70.70218
2.499998,1.852796,0.8383632,3.555378,33.75821,-72.60168
2.519998,1.869755,0.8479834,3.948079,31.21478,-74.55136
2.539998,1.88668,0.846231,4.426498,28.85325,-76.53717
2.559998,1.903877,0.8598447,4.81039,26.74862,-78.52963
2.579998,1.92092,0.8521438,5.037066,24.69414,-79.39374
2.599998,1.936738,0.790906,4.952375,22.9962,-79.83466
2.619998,1.951632,0.7446885,5.238251,21.9687,-80.15594
2.639998,1.965575,0.6971598,6.452923,21.44661,-80.48334
2.659998,1.978467,0.6445885,6.52422,20.5341,-80.71466
2.679998,1.991824,0.667882,6.117173,20.62171,-79.50012
2.699998,2.004431,0.6303489,6.089942,21.64666,-77.80414
2.719998,2.015224,0.5396366,5.983658,22.57758,-75.29108
2.739998,2.025909,0.5342722,6.247137,23.78628,-74.64948
2.759998,2.037133,0.5611658,6.360978,24.55407,-73.64496
2.779998,2.048884,0.5875587,6.195796,24.46283,-71.4303
2.799998,2.062553,0.6834507,5.652416,25.90168,-69.9342
2.819998,2.077346,0.7396698,5.093731,28.63689,-68.66531
2.839998,2.091602,0.7128,4.521032,32.5976,-67.24289
2.859998,2.102676,0.5536795,4.162106,36.54758,-65.87811
2.879998,2.109841,0.3582716,3.612894,39.14117,-65.02936
2.899998,2.115513,0.2835989,2.997441,40.95818,-64.48996
2.919998,2.121779,0.3133059,2.552595,42.42822,-64.08914
2.939998,2.129333,0.377655,1.968277,43.46592,-63.64087
2.959998,2.137177,0.3921986,1.388433,44.03143,-63.11502
2.979998,2.144542,0.3682613,1.531999,44.54688,-62.80902
2.999998,2.150847,0.3152847,1.770392,44.98676,-62.49408
3.019998,2.156052,0.2602339,2.231853,45.49256,-62.30975
3.039998,2.159817,0.1882553,2.643297,46.6906,-62.11801
3.059998,2.162998,0.1590252,3.161033,48.37168,-62.81177
3.079998,2.16495,0.09763241,3.736375,49.72799,-64.04639
3.099998,2.165711,0.03802776,3.599963,49.65598,-66.09564
3.119998,2.166532,0.04103184,3.134613,47.91309,-67.5592
3.139998,2.167841,0.06549358,2.640427,46.58818,-69.30981
3.159998,2.171312,0.173521,2.131962,45.7021,-71.17755
3.179998,2.177224,0.2955914,1.508819,44.31571,-71.99142
3.199998,2.185727,0.425148,1.036359,43.07899,-72.49234
3.219998,2.197077,0.5675316,0.7942211,41.93445,-72.91937
3.239998,2.210518,0.6720543,0.5982218,40.662,-73.32648
3.259998,2.22565,0.7565975,0.4389411,39.29192,-73.73105
3.279998,2.24154,0.7945061,0.4998162,37.53715,-73.61011
3.299998,2.256749,0.7604361,0.4553514,35.55399,-73.28024
3.319998,2.270351,0.6801128,0.3348314,33.90196,-73.03668
3.339998,2.281815,0.5731821,0.2794561,33.35244,-73.51727
3.359998,2.292693,0.5439043,0.2498768,32.42366,-73.13739
3.379997,2.304243,0.5774975,0.06331257,30.58766,-72.32733
3.399997,2.316028,0.5892515,0.1306991,29.02594,-72.64209
3.419997,2.328502,0.623703,0.4378971,26.88873,-73.1554
3.439997,2.341785,0.6641388,0.4966273,24.70572,-73.68912
3.459997,2.355554,0.6884575,0.4295179,22.72284,-74.18866
3.479997,2.369407,0.6926537,0.5715352,21.09939,-74.63287
3.499997,2.382581,0.6587029,0.3385046,19.55023,-75.01123
3.519997,2.394952,0.6185293,0.1712622,18.04323,-75.39026
3.539997,2.406747,0.5897522,0.1941456,16.61939,-75.79755
3.559997,2.418592,0.5922794,0.5437186,15.45348,-76.23541
3.579997,2.429731,0.556922,1.092627,15.64586,-75.84586
3.599997,2.43974,0.5004406,0.9605293,16.98577,-75.15326
3.619997,2.448794,0.452733,1.000854,19.08023,-75.34549
3.639997,2.457603,0.4404545,0.8629116,21.0057,-75.6311
3.659997,2.46552,0.3958464,0.756363,21.90089,-75.07404
3.679997,2.472956,0.3717899,0.2531515,21.16711,-72.80521
3.699997,2.481784,0.4413843,-0.04370117,20.46941,-70.42868
3.719997,2.49299,0.5603075,-0.1695862,20.47807,-68.56546
3.739997,2.506747,0.6878614,-0.1195374,21.46671,-67.04669
3.759997,2.523176,0.8214235,-0.02511597,23.17254,-65.53778
3.779997,2.541844,0.9334326,0.4142995,27.2716,-66.24579
3.799997,2.561113,0.9634495,0.8572638,31.79281,-67.97314
3.819997,2.579521,0.9203911,1.467744,35.79819,-69.96643
3.839997,2.596529,0.8504152,2.49643,37.39644,-71.00089
3.859997,2.612154,0.7812023,3.317966,38.32387,-72.43823
3.879997,2.625854,0.6850481,3.44791,39.07608,-72.27258
3.899997,2.638707,0.6426096,3.14026,40.22438,-71.2843
3.919997,2.651436,0.6364584,2.70085,41.65917,-70.34497
3.939997,2.664167,0.6365538,2.292476,43.0769,-69.39883
3.959997,2.677069,0.645113,1.944868,44.4075,-68.38739
3.979997,2.689678,0.6304264,1.850845,45.8078,-67.74084
3.999997,2.701667,0.5994558,1.895801,46.9505,-67.0502
4.019997,2.713167,0.5750179,1.893648,47.27618,-66.29599
4.039997,2.724395,0.5613804,1.811094,47.4207,-65.76584
4.059997,2.735698,0.5651712,1.669038,47.44191,-65.28217
4.079997,2.747373,0.583744,1.239051,48.36531,-65.29678
4.099997,2.759284,0.5955458,0.8130854,49.33129,-65.25479
4.119997,2.771402,0.605917,0.5445583,50.0182,-65.0708
4.139997,2.783566,0.608182,0.3726567,50.02279,-64.70557
4.159997,2.794484,0.5458832,-0.2283936,49.02698,-63.96445
4.179997,2.803856,0.4686356,-0.2988281,48.60736,-64.37256
4.199997,2.813013,0.4578114,0.2968661,48.03738,-64.94443
4.219997,2.823107,0.5047321,1.135677,47.25506,-65.73566
4.239997,2.835011,0.5951881,1.982623,46.15842,-66.5882
4.259997,2.848567,0.6777763,2.719549,44.88598,-67.41772
4.279997,2.863595,0.7514238,2.786382,43.93872,-68.06912
4.299997,2.879377,0.7891178,2.820593,43.63508,-68.72418
4.319997,2.895236,0.7929325,2.838197,43.37716,-69.15475
4.339997,2.910992,0.7877827,2.908816,43.50863,-69.81815
4.359997,2.926462,0.7735252,3.064513,43.62661,-70.52002
4.379997,2.941381,0.7459402,3.01001,42.90628,-71.52505
4.399997,2.955365,0.6992102,2.872751,41.37905,-72.58875
4.419997,2.968613,0.6623983,2.894567,39.94709,-74.05606
4.439997,2.981411,0.6398916,3.108629,38.24537,-75.46738
4.459997,2.994196,0.6392479,3.178266,36.60733,-76.81848
4.479997,3.007052,0.6428003,3.231775,34.72823,-77.67569
4.499997,3.020176,0.6561995,3.317388,32.7548,-78.35535
4.519997,3.033761,0.6792307,3.657238,30.77084,-79.01492
4.539997,3.047863,0.7051468,3.95629,28.72781,-79.65295
4.559997,3.062654,0.7395267,4.52577,26.68453,-80.33014
4.579997,3.077335,0.734067,5.247314,24.89478,-80.21286
4.599997,3.090037,0.6350994,6.068536,23.88908,-79.75797
4.619997,3.101466,0.5714178,6.383538,23.52383,-79.18805
4.639997,3.112418,0.5475998,6.136203,23.10126,-78.57632
4.659997,3.123694,0.5638123,5.579803,22.34108,-77.9584
4.679996,3.134369,0.5337477,5.411621,22.27167,-76.43259
4.699996,3.142871,0.4251003,5.782656,22.39778,-74.68018
4.719996,3.151581,0.4355192,5.971202,22.43237,-73.34982
4.739996,3.161839,0.5128622,5.751308,22.79795,-71.7561
4.759996,3.174428,0.6294727,5.384707,23.51331,-69.98239
4.779996,3.189314,0.7442951,5.125,24.92564,-68.43243
4.799996,3.206382,0.8534193,4.703724,27.159,-67.34818
4.819996,3.225322,0.9469986,4.238523,30.09012,-66.66687
4.839996,3.245742,1.02098,3.823625,33.33538,-66.1391
4.859996,3.26668,1.04692,3.486329,36.19709,-65.23816
4.879996,3.286077,0.9698629,3.426527,39.08216,-66.03329
4.899996,3.302673,0.829792,3.77047,40.756,-67.64273
4.919996,3.317741,0.7534027,3.706826,41.06709,-69.51825
4.939996,3.332377,0.731802,3.473546,40.5636,-71.49139
4.959996,3.346614,0.7118464,3.23452,39.73658,-73.50372
4.979996,3.360559,0.6972551,2.849038,38.80654,-72.86536
4.999996,3.373584,0.6512165,2.724977,38.76845,-70.89645
5.019996,3.386295,0.6355524,2.703719,39.90961,-69.85208
5.039996,3.399214,0.6459475,2.525988,40.6371,-68.31549
5.059996,3.412758,0.6772041,2.345191,41.26831,-66.49646
5.079996,3.427197,0.7219553,2.150803,42.81479,-65.43927
5.099996,3.442346,0.757432,1.97361,44.56971,-64.6217
5.119996,3.458021,0.7837772,1.896415,46.32235,-63.73129
5.139996,3.47414,0.8059502,1.897363,48.05807,-62.8244
5.159996,3.490591,0.8225441,1.946264,49.80112,-61.94174
5.179996,3.506736,0.8072376,1.890543,52.09752,-62.04904
5.199996,3.522168,0.771594,1.824113,53.04596,-62.36069
5.219996,3.535664,0.6747961,1.884393,52.30747,-62.39783
5.239996,3.546546,0.544095,1.454655,51.44945,-62.50018
5.259996,3.554364,0.3909349,1.475562,50.85561,-62.75372
5.279996,3.560815,0.3225565,1.542111,49.80914,-63.33295
5.299996,3.567861,0.3522635,1.623082,48.3651,-64.0578
5.319996,3.576357,0.4248381,1.610341,46.64083,-64.80942
5.339996,3.5865,0.5071402,1.531649,44.82749,-65.54016
5.359996,3.598153,0.5826235,1.394518,43.0621,-66.23636
5.379996,3.611773,0.6810427,1.463237,41.88542,-67.20447
5.399996,3.627233,0.772953,1.498253,41.02773,-68.26028
5.419996,3.644301,0.8534193,1.567654,40.27952,-69.35336
5.439996,3.662685,0.9192228,1.64467,39.51233,-70.4574
5.459996,3.681954,0.9634256,1.754659,38.68875,-71.37271
5.479996,3.700129,0.9087563,1.789858,39.52274,-72.67609
5.499996,3.715828,0.7849455,1.599938,38.86466,-72.03253
5.519996,3.730669,0.7420778,1.459865,37.76702,-71.10699
5.539996,3.745146,0.723815,1.509171,37.10274,-70.77716
5.559996,3.759397,0.7125378,1.67828,36.8871,-70.82547
5.579996,3.772986,0.679493,1.960899,35.73496,-71.7868
5.599996,3.786076,0.654459,2.417556,33.5844,-73.45593
5.619996,3.799203,0.6563902,2.870982,31.12221,-75.354
5.639996,3.812411,0.6603718,3.264721,28.74598,-77.32117
5.659996,3.825715,0.6651878,3.705094,26.57023,-79.31042
5.679996,3.83882,0.6552935,4.260506,24.38195,-79.57465
5.699996,3.851242,0.6210566,4.230742,22.85774,-79.18359
5.719995,3.853794,0.1276016,5.784584,14.85653,-79.23407
5.739995,3.859931,0.3068924,7.882959,7.757632,-79.20789
5.759995,3.866406,0.3237247,8.424191,3.13506,-79.18127
5.779995,3.872187,0.2890587,8.78892,3.446676,-84.59039
5.799995,3.876706,0.2259493,9.033713,1.491808,-79.18381
5.819995,3.880184,0.1739025,9.245168,4.349505,-79.18866
5.839995,3.882684,0.1250029,9.439034,6.68292,-79.19122
5.859995,3.884817,0.1066446,9.630829,8.38833,-79.19247
5.879995,3.886916,0.104928,9.934918,9.625582,-79.19678
5.899995,3.889621,0.1352787,10.08069,11.16471,-79.20349
5.919995,3.891697,0.1037836,10.12452,14.09384,-79.06757
5.939995,3.891476,-0.01106262,10.0765,16.79746,-79.05219
5.959995,3.889619,-0.09284019,9.601335,18.25195,-79.81128
5.979995,3.887221,-0.1198769,9.400396,17.48199,-79.37366
5.999995,3.886129,-0.05459785,9.32529,16.99556,-79.07358
6.019995,3.885162,-0.04835129,8.366436,22.34752,-85.40445
6.039995,3.883062,-0.1049995,8.055758,18.97372,-79.73071
6.059995,3.883838,0.03876686,6.632745,19.56909,-78.8826
6.079995,3.884153,0.01575947,5.781765,27.13105,-84.18863
6.099995,3.884319,0.008320808,5.225404,24.9214,-79.54993
6.119995,3.887516,0.1598358,3.962916,25.68571,-79.27502
6.139995,3.892938,0.2710819,2.878848,27.76154,-79.35547
6.159995,3.899983,0.3522873,2.161231,30.23242,-79.77222
6.179995,3.908195,0.4105806,1.547548,32.48222,-80.60965
6.199995,3.918023,0.4913807,1.218395,33.94283,-80.14978
6.219995,3.929483,0.5730152,1.080097,35.86134,-79.5755
6.239995,3.942103,0.6310225,1.232014,38.73727,-79.33194
6.259995,3.953297,0.5596876,0.8506585,44.27468,-79.14221
6.279995,3.962192,0.4447222,0.8534074,47.53912,-79.22736
6.299995,3.970543,0.4175663,0.8473724,48.59928,-79.22766
6.319995,3.97804,0.3748417,0.654772,48.26349,-79.17108
6.339995,3.985216,0.35882,0.7067313,47.83389,-79.65167
6.359995,3.992349,0.3566504,1.020149,47.70115,-80.16879
6.379995,3.99971,0.3680229,1.23014,48.08841,-80.16461
6.399995,4.007519,0.3904581,1.32304,48.88828,-80.12836
6.419995,4.015851,0.4165888,1.358344,49.97447,-80.21191
6.439995,4.024588,0.4368544,1.333641,51.17154,-80.33801
6.459995,4.033713,0.4562616,1.220122,52.34949,-80.41861
6.479995,4.04306,0.4673719,1.157778,53.74194,-80.4386
6.499995,4.052712,0.482583,0.9482868,55.23403,-80.41656
6.519995,4.06258,0.4934072,0.558926,56.74012,-80.22614
6.539995,4.072726,0.5073071,-0.01586914,58.37709,-80.08582
6.559995,4.083112,0.5192995,-0.6669006,60.09743,-79.94839
6.579995,4.09256,0.4724026,-1.337067,61.52943,-79.93692
6.599995,4.100442,0.3941059,-1.529449,61.1084,-79.37445
6.619995,4.107729,0.3643513,-1.640533,60.46315,-79.51321
6.639995,4.11462,0.3445387,-1.550293,59.58308,-79.48795
6.659995,4.121334,0.3356934,-1.447662,58.7078,-79.57648
6.679995,4.128262,0.3463984,-0.9559937,57.49041,-79.61609
6.699995,4.135518,0.3628016,-0.3744202,56.03495,-79.68042
6.719995,4.142445,0.3463268,0.256005,54.20845,-79.60458
6.739995,4.149072,0.331378,0.7154738,52.1232,-79.48236
6.759995,4.155916,0.3422022,1.202999,50.23147,-79.41095
6.779994,4.163798,0.3940821,1.20435,48.62226,-79.37421
6.799994,4.17241,0.4306078,1.28981,46.97656,-79.25409
6.819994,4.18151,0.4550219,1.333043,45.67058,-79.50543
6.839994,4.190007,0.4248142,1.5174,44.37694,-79.65286
6.859994,4.197028,0.3510714,1.330413,42.74888,-79.67554
6.879994,4.202788,0.2879858,0.9548017,41.82161,-79.6214
6.899994,4.208133,0.2672672,1.339761,41.13163,-79.12897
6.919994,4.21225,0.2058268,1.97792,40.6498,-78.91022
6.939994,4.21532,0.1535177,2.5316,40.22094,-78.74512
6.959994,4.217552,0.1116037,3.101144,40.15424,-79.03751
6.979994,4.219473,0.096035,3.082255,40.70938,-79.99487
6.999994,4.221534,0.1030445,2.812129,40.91086,-80.13416
7.019994,4.22485,0.1657963,2.533102,41.51095,-80.5318
7.039994,4.229392,0.2271175,2.151749,42.09841,-80.74414
7.059994,4.23502,0.2814054,1.747662,42.66717,-80.70953
7.079994,4.240821,0.29006,1.851742,42.93607,-80.34518
7.099994,4.247897,0.3537655,1.963687,43.54448,-80.03345
7.119994,4.256569,0.4336119,2.050171,45.05578,-80.09464
7.139994,4.26667,0.5050421,1.69239,46.71236,-80.2601
7.159994,4.278154,0.5742073,1.339668,48.67051,-80.45035
7.179994,4.290131,0.5988359,0.6828473,49.97913,-80.28781
7.199994,4.300766,0.5317926,0.3696603,50.75784,-79.57092
7.219994,4.309245,0.4239321,-0.3206787,51.90394,-78.95526
7.239994,4.314564,0.2659559,-1.072357,54.05854,-78.97046
7.259994,4.317596,0.1516104,-1.798035,55.57838,-79.00912
7.279994,4.319741,0.1072168,-1.399353,55.71705,-79.12537
7.299994,4.321319,0.07889271,-0.4630432,54.34219,-79.16217
7.319994,4.322177,0.04291534,0.2867275,52.086,-79.10916
7.339994,4.321808,-0.01842976,1.192794,50.3614,-79.48077
7.359994,4.319962,-0.09233952,1.838152,49.44339,-80.14548
7.379994,4.317817,-0.1072168,2.433082,47.83034,-80.13327
7.399994,4.31591,-0.09536743,2.819329,46.182,-80.02917
7.419994,4.314463,-0.0723362,2.579896,44.84241,-80.08328
7.439994,4.313663,-0.0399828,1.700561,43.93551,-80.03275
7.459994,4.313694,0.001502037,0.3104717,43.30642,-79.87457
7.479994,4.315126,0.07164478,-0.7563477,42.35646,-79.62573
7.499994,4.318143,0.1508474,-1.737946,42.07865,-80.43365
7.519994,4.323291,0.2573967,-2.022186,41.67454,-80.76343
7.539994,4.330407,0.355792,-1.920502,41.26766,-80.73837
7.559994,4.339399,0.4495859,-1.645294,40.90527,-80.54126
7.579994,4.34982,0.5210638,-1.29776,40.73473,-80.20721
7.599994,4.361432,0.5805731,-0.8755798,40.78259,-79.88788
7.619994,4.373529,0.6048679,-0.449646,40.90311,-79.5882
7.639994,4.385114,0.5792618,-0.001444585,40.85537,-79.35242
7.659994,4.396131,0.5508423,0.4826776,40.69506,-79.29773
7.679994,4.406679,0.5273819,0.8022003,40.41954,-79.27426
7.699994,4.416909,0.5115271,0.9742819,40.14764,-79.4252
0.02,0.002997279,0.1778841,-0.6455688,42.95152,-68.42426
0.04,0.008722901,0.2862811,0.102047,43.23305,-67.40906
0.06,0.0181433,0.4710197,-0.08261108,43.60797,-65.03247
0.08,0.03056514,0.6210923,-0.3412781,44.62321,-62.55258
0.09999999,0.0453434,0.7389128,-0.4890137,45.95412,-59.87924
0.12,0.06237841,0.8517504,-0.2638855,47.94449,-57.63055
0.14,0.08048689,0.9054244,0.04353875,51.80278,-57.98663
0.16,0.09801233,0.8762717,0.378662,55.56633,-59.28894
0.18,0.1143376,0.8162618,0.5382677,57.69873,-60.91351
0.2,0.1283293,0.6995857,0.4251825,57.5955,-62.17114
0.22,0.1396052,0.5637944,-0.2791443,56.42555,-63.04205
0.24,0.1484938,0.4444301,0.2345294,54.70302,-64.3959
0.26,0.1579386,0.4722416,1.014402,52.69316,-65.97629
0.28,0.1692262,0.5643785,1.613403,50.35649,-67.52026
0.3,0.1819775,0.637567,2.233484,48.01582,-69.03616
0.32,0.1964382,0.7230341,2.831518,45.89465,-70.55923
0.34,0.2125422,0.8051991,3.078036,44.23495,-71.21964
0.36,0.2300895,0.8773685,3.272474,43.48923,-71.61893
0.38,0.2487466,0.9328544,3.449281,43.16983,-71.93115
0.4,0.268194,0.9723663,3.609543,42.87434,-72.21082
0.42,0.2881989,1.000249,3.754035,42.46465,-72.47592
0.4400001,0.3083093,1.005518,4.11257,41.42987,-73.11221
0.4600001,0.3269175,0.9304106,4.193915,39.60131,-73.77429
0.4800001,0.3443283,0.8705378,4.217514,37.68102,-74.46353
0.5000001,0.3604692,0.8070469,4.437197,35.6778,-75.23907
0.52,0.376083,0.7806897,4.756563,33.63359,-76.06921
0.54,0.3915592,0.7738113,5.074933,31.58306,-76.84415
0.56,0.4071134,0.7777095,5.373617,29.52167,-77.59464
0.58,0.4228312,0.7858872,5.73228,27.48503,-78.33167
0.6,0.4387289,0.7948875,6.213233,25.48807,-79.08289
0.6199999,0.4550176,0.8144319,6.535214,23.50526,-79.81927
0.6399999,0.4710714,0.8026898,7.038497,21.21655,-79.85709
0.6599999,0.4862591,0.759387,6.93508,19.04005,-79.64142
0.6799999,0.5010147,0.7377803,6.884369,17.35292,-79.32953
0.6999999,0.5145559,0.6770611,7.446618,15.93429,-78.97791
0.7199998,0.526942,0.6193042,7.135283,14.39347,-78.60471
0.7399998,0.5390537,0.6055832,6.677272,14.21529,-77.39832
0.7599998,0.5505757,0.5761027,6.391483,15.30601,-75.89154
0.7799998,0.561494,0.545913,6.297982,17.1674,-74.25488
0.7999998,0.5721399,0.5322933,6.387083,18.38258,-72.53888
0.8199998,0.5826602,0.526017,6.532972,19.8248,-72.50391
0.8399997,0.5931652,0.5252481,6.37283,20.04685,-71.409
0.8599997,0.6046801,0.5757451,6.007117,20.06979,-69.84116
0.8799997,0.6180385,0.6679237,5.528456,20.74941,-68.49939
0.8999997,0.6336361,0.7798791,5.013926,22.02697,-67.5127
0.9199997,0.6512606,0.8812249,4.588248,24.09061,-66.80185
0.9399996,0.670119,0.9429216,4.579627,27.17251,-67.05286
0.9599996,0.6883498,0.9115398,4.789251,30.31908,-67.37543
0.9799996,0.705584,0.8617103,4.883715,33.39061,-67.90277
0.9999996,0.7217112,0.8063555,4.84622,35.59377,-68.47247
1.02,0.7367982,0.7543504,4.767412,37.41359,-69.56284
1.04,0.7505258,0.6863832,4.665492,38.71428,-69.20663
1.06,0.7637799,0.6627023,4.533421,40.04198,-68.28363
1.08,0.7770944,0.6657243,4.33911,41.3188,-67.15576
1.1,0.7907712,0.6838441,4.067878,42.63199,-66.06482
1.12,0.8049855,0.7107139,3.767566,44.01055,-64.89664
1.14,0.8196143,0.7314384,3.421699,46.05528,-64.51071
1.159999,0.8341842,0.7284939,3.118006,47.92006,-64.05075
1.179999,0.8485682,0.7192016,2.884334,49.3845,-63.41071
1.199999,0.8629013,0.7166564,2.667579,50.25164,-62.69144
1.219999,0.8773803,0.7239461,2.432226,51.08066,-62.09058
1.239999,0.8906852,0.6652474,2.074918,51.40971,-62.45752
1.259999,0.9015929,0.5453825,1.286511,50.31192,-62.69031
1.279999,0.9116536,0.5030394,0.7751201,48.57666,-62.96405
1.299999,0.9222447,0.5295515,0.6683006,46.91527,-63.43695
1.319999,0.9341815,0.5968392,0.5760732,45.33787,-63.98367
1.339999,0.9473623,0.6590426,0.5148756,44.30134,-64.91867
1.359999,0.9622163,0.7426977,0.5420826,43.70853,-66.08734
1.379999,0.9793423,0.8563042,0.5451778,43.46268,-67.3172
1.399999,0.9986576,0.9657621,0.5404542,43.29822,-68.5658
1.419999,1.019976,1.06591,0.5302358,43.09077,-69.81799
1.439999,1.042359,1.119161,0.519989,42.25199,-70.4191
1.459999,1.062919,1.027977,0.4284286,41.94668,-71.26157
1.479999,1.081792,0.9436488,0.3201396,40.55587,-71.4024
1.499999,1.100364,0.9286165,-0.07754517,38.66669,-70.92828
1.519999,1.118573,0.910449,-0.1698914,36.62936,-70.58969
1.539999,1.136627,0.9026885,0.455916,34.83567,-71.82455
1.559999,1.154303,0.8838058,0.9664338,32.26185,-73.49112
1.579999,1.172403,0.9050369,1.534508,29.7727,-75.2944
1.599999,1.191099,0.9347558,2.175951,27.51078,-77.14203
1.619999,1.210487,0.9694099,2.922851,25.45593,-79.00729
1.639999,1.229724,0.961864,3.070497,23.47611,-79.57733
1.659999,1.2477,0.8987784,2.561849,21.89413,-79.64368
1.679999,1.263644,0.7972121,2.435891,20.96885,-79.54791
1.699999,1.278116,0.7235885,2.892078,20.47467,-79.48331
1.719999,1.291481,0.6682873,2.503249,19.65272,-79.3418
1.739999,1.304837,0.6677747,1.708394,19.78201,-77.97702
1.759999,1.317928,0.6545544,1.23583,21.10133,-76.1813
1.779999,1.329556,0.5813837,1.590791,22.5046,-75.15698
1.799999,1.340183,0.5313754,1.583288,23.12736,-73.99823
1.819999,1.351537,0.5676985,1.404594,23.5131,-72.10516
1.839999,1.364079,0.6270766,0.8244755,23.43522,-69.68329
1.859999,1.378533,0.7227421,0.3938493,25.20067,-68.15536
1.879999,1.394508,0.7987022,0.07995155,28.1904,-66.88934
1.899999,1.411268,0.8380413,-0.1810913,31.60288,-65.67261
1.919999,1.427475,0.8103371,-0.3135376,34.84536,-64.35062
1.939999,1.440662,0.6593227,0.2759494,38.07346,-64.66705
1.959999,1.451453,0.539577,0.6213364,39.76407,-65.71014
1.979999,1.461033,0.4790187,0.8374178,40.56584,-67.08743
1.999999,1.469968,0.4467368,1.122689,41.43678,-68.77069
2.019999,1.478933,0.4482269,1.610014,42.44823,-70.58582
2.039999,1.487637,0.4352093,1.791761,43.30052,-70.09949
2.059999,1.497153,0.475812,1.671014,43.70257,-68.72308
2.079999,1.507922,0.5384445,1.220001,43.98283,-66.88788
2.099999,1.520358,0.6218076,0.5063536,44.38902,-64.78244
2.119999,1.534627,0.7134438,-0.2926331,45.25251,-62.60361
2.139999,1.5503,0.783658,-1.145966,47.86412,-62.43985
2.159999,1.566185,0.7942319,-1.771149,50.37792,-62.58246
2.179999,1.581257,0.7536173,-2.116333,52.12146,-62.40741
2.199999,1.595162,0.6952524,-2.00119,52.80878,-62.04831
2.219999,1.607472,0.6155014,-1.970764,53.36737,-62.14969
2.239999,1.617843,0.5185127,-1.310028,54.10778,-63.5759
2.259999,1.626821,0.4489183,-0.9580078,53.28532,-64.88403
2.279999,1.635803,0.4491091,-0.5007629,52.09076,-66.22559
2.299999,1.645498,0.4847288,-0.05599976,50.91626,-67.73492
2.319999,1.656534,0.551796,0.4502873,49.79845,-69.18359
2.339998,1.668964,0.6215215,0.471662,48.40038,-70.75677
2.359998,1.683771,0.7403493,0.4654109,47.08116,-72.4516
2.379998,1.70105,0.8639455,0.4477184,45.75755,-74.19916
2.399998,1.720317,0.963366,0.605948,44.54998,-76.03351
2.419998,1.740859,1.027083,0.7268266,43.88103,-78.24072
2.439998,1.760431,0.978601,0.8223202,43.69907,-79.25488
2.459998,1.777662,0.8615375,0.4391468,41.82521,-77.88235
2.479998,1.7942,0.826931,1.003865,40.50893,-76.69058
2.499998,1.8108,0.8299947,1.462379,39.56905,-76.09839
2.519998,1.827339,0.826931,1.831531,39.1199,-75.99078
2.539998,1.843733,0.8197069,2.258925,39.08842,-76.8511
2.559998,1.859066,0.7666469,2.076879,37.89857,-77.43637
2.579998,1.873939,0.7436514,1.623399,36.79344,-78.19431
2.599998,1.888605,0.733304,1.296826,35.85296,-79.30252
2.619998,1.903433,0.7414103,1.06632,34.96234,-80.42093
2.639998,1.91778,0.7173419,1.46137,33.39206,-80.92731
2.659998,1.93134,0.6780148,1.764998,31.4507,-81.18665
2.679998,1.944577,0.66185,2.010774,29.51302,-81.34268
2.699998,1.957425,0.6423712,2.484391,27.78364,-81.46979
2.719998,1.968876,0.5725384,3.183369,26.0454,-81.48068
2.739998,1.979108,0.5116343,2.950536,25.49174,-80.10059
2.759998,1.988561,0.472641,2.689815,26.43789,-78.28348
2.779998,1.99751,0.4474401,2.757369,28.11669,-76.35529
2.799998,2.005419,0.3954709,2.391944,29.42223,-75.43713
2.819998,2.012977,0.3778934,2.297515,30.12906,-74.41821
2.839998,2.02138,0.4201412,2.24965,29.93558,-72.44595
2.859998,2.031438,0.5028963,2.288406,29.92576,-70.42819
2.879998,2.043776,0.6168842,2.460446,30.67829,-68.71729
2.899998,2.058683,0.7453918,2.431121,32.04925,-67.23883
2.919998,2.075991,0.8653879,2.409657,34.20879,-65.8154
2.939998,2.095119,0.9563923,2.420925,37.72557,-65.93335
2.959998,2.114549,0.971508,2.404421,41.48031,-66.82489
2.979998,2.132748,0.9099245,2.314676,44.10089,-67.47223
2.999998,2.149304,0.827837,2.204466,45.0001,-68.14822
3.019998,2.165009,0.7852316,2.290957,45.90696,-69.28363
3.039998,2.17964,0.7315636,2.28144,46.6459,-69.37433
3.059998,2.19355,0.695467,2.307765,47.00551,-68.61163
3.079998,2.20717,0.6810427,2.385796,47.46259,-67.75293
3.099998,2.220611,0.6720066,2.546561,47.98074,-66.83411
3.119998,2.233901,0.6644964,2.779796,48.36972,-65.70721
3.139998,2.247358,0.6728888,2.828083,49.40716,-64.85468
3.159998,2.260858,0.674963,2.744981,50.13131,-63.47537
3.179998,2.274545,0.6843567,2.601647,50.58724,-61.90536
3.199998,2.288484,0.696969,2.442481,50.99876,-60.203
3.219998,2.301645,0.6580591,2.215103,51.24276,-58.26746
3.239998,2.312633,0.5493879,0.9814811,52.2435,-58.59686
3.259998,2.320971,0.4168987,0.3595,52.59662,-59.67285
3.279998,2.327466,0.3247261,-0.1332703,52.74582,-61.22141
3.299998,2.334135,0.3334522,-0.5921021,52.78127,-62.86572
3.319998,2.34138,0.3622532,-1.135193,51.92559,-64.05133
3.339998,2.34903,0.3824949,-1.01828,49.84491,-65.50449
3.359998,2.358051,0.4510641,-1.000092,47.53102,-67.3078
3.379997,2.369126,0.5537748,-0.8126221,45.39701,-69.24976
3.399997,2.382575,0.6724119,-0.747406,43.49775,-71.22119
3.419997,2.398466,0.7945538,-0.6446228,41.72183,-73.21353
3.439997,2.416543,0.9038448,-0.2764282,40.54509,-73.60092
3.459997,2.435316,0.9386778,0.2115882,40.35571,-73.43085
3.479997,2.453228,0.8955717,0.7080492,41.02296,-73.1936
3.499997,2.469168,0.7970333,1.13707,42.42835,-73.19556
3.519997,2.484004,0.7417917,1.481115,42.47276,-71.94141
3.539997,2.49791,0.6953001,1.727083,42.21162,-72.86169
3.559997,2.511436,0.676322,2.407937,40.34758,-74.2804
3.579997,2.524846,0.6704569,2.74919,37.82191,-75.83401
3.599997,2.538225,0.6689787,2.907729,35.3498,-77.4024
3.619997,2.551548,0.6661415,2.973856,33.11113,-78.95627
3.639997,2.564845,0.6648302,2.972535,30.87065,-79.47226
3.659997,2.577844,0.6499767,2.943469,28.79967,-79.6095
3.679997,2.590746,0.645113,2.952515,26.85412,-79.62241
3.699997,2.603317,0.6285429,3.358679,24.93113,-79.60385
3.719997,2.614803,0.5743027,4.601989,23.06274,-79.58994
3.739997,2.624978,0.5087137,4.725512,22.51501,-78.27155
3.759997,2.634444,0.4733324,4.532711,23.5741,-76.53854
3.779997,2.643735,0.4645586,4.311444,25.30268,-74.68106
3.799997,2.652992,0.462842,4.109453,26.35844,-72.78461
3.819997,2.662508,0.475812,3.996422,27.70046,-72.35773
3.839997,2.672122,0.4806757,3.764058,27.5523,-70.58194
3.859997,2.683052,0.5464792,3.397883,27.00259,-68.01297
3.879997,2.696358,0.6653309,3.062564,27.21093,-65.60144
3.899997,2.712554,0.8097887,2.789432,28.20284,-63.44907
3.919997,2.731667,0.9556532,2.535856,30.03103,-61.47961
3.939997,2.752749,1.05412,2.59374,34.13124,-62.04218
3.959997,2.772229,0.9739637,2.905482,37.91334,-63.08115
3.979997,2.788925,0.8348227,3.243132,40.4133,-64.95218
3.999997,2.804693,0.7883787,3.07208,41.3497,-66.89139
4.019997,2.819995,0.7651329,2.834213,41.52353,-68.86047
4.039997,2.834216,0.7110119,2.653328,42.01213,-69.14124
4.059997,2.848008,0.6896257,2.496643,43.06625,-68.68732
4.079997,2.861846,0.6919146,2.395721,44.20365,-67.85635
4.099997,2.875921,0.7037163,2.400346,45.58979,-67.13327
4.119997,2.890258,0.716877,2.53307,46.75236,-66.16727
4.139997,2.904852,0.7297039,2.369305,48.23983,-65.71667
4.159997,2.919248,0.7197618,2.168715,48.81343,-64.79797
4.179997,2.933603,0.717783,2.078199,48.96749,-63.69824
4.199997,2.94814,0.726819,1.949613,48.84875,-62.81482
4.219997,2.962744,0.7302046,1.873029,48.79912,-61.93347
4.239997,2.976038,0.6647348,1.315603,48.90073,-61.91711
4.259997,2.987154,0.5558014,0.8582598,48.73669,-62.32715
4.279997,2.997119,0.4982233,0.6359751,48.09593,-62.88815
4.299997,3.00733,0.5105734,0.7089394,47.45694,-63.69604
4.319997,3.018507,0.5588531,0.5484447,46.90557,-64.4444
4.339997,3.030382,0.5937099,0.5634683,46.05824,-65.62952
4.359997,3.044073,0.6845474,0.5708957,45.11319,-66.9946
4.379997,3.059966,0.794673,0.5930033,44.1058,-68.43619
4.399997,3.077964,0.8998871,0.626398,43.02576,-69.90781
4.419997,3.097827,0.9931803,0.6645147,41.89069,-71.3884
4.439997,3.119217,1.069474,1.018706,40.51735,-72.03308
4.459997,3.140812,1.07975,1.355563,39.06118,-72.36481
4.479997,3.161408,1.029801,1.666504,37.68593,-72.53116
4.499997,3.180195,0.9393454,1.655398,37.33872,-72.89319
4.519997,3.19794,0.8872747,1.932401,36.15996,-72.80273
4.539997,3.215098,0.8579016,2.345253,34.82977,-74.19498
4.559997,3.23208,0.8491039,2.762757,32.60611,-76.04059
4.579997,3.249204,0.8561611,3.010927,30.16534,-78.00916
4.599997,3.266578,0.8687019,3.184804,27.87173,-80.00452
4.619997,3.284318,0.8870125,3.370082,25.77432,-82.00842
4.639997,3.301726,0.8704185,3.909331,23.21659,-82.41318
4.659997,3.318058,0.8166075,3.897742,20.94547,-82.24292
4.679996,3.333003,0.7472277,4.63886,19.49509,-81.84467
4.699996,3.346148,0.6572485,4.705966,18.16387,-81.36069
4.719996,3.358775,0.6313562,4.417207,16.50367,-80.93091
4.739996,3.371559,0.6392002,3.981872,16.06568,-79.49731
4.759996,3.383492,0.5966425,3.926935,16.98988,-77.72421
4.779996,3.394029,0.5268574,4.226039,18.18136,-76.00809
4.799996,3.403802,0.4886389,4.535535,19.11415,-75.22556
4.819996,3.414007,0.5102634,4.627237,19.68964,-73.87201
4.839996,3.425075,0.5533934,4.02229,19.72417,-71.7265
4.859996,3.438107,0.6516218,3.338571,20.51074,-69.96478
4.879996,3.453534,0.7713079,2.805832,22.21615,-68.90488
4.899996,3.471007,0.873661,2.327196,24.72674,-68.31937
4.919996,3.490275,0.9634018,1.923299,27.53633,-67.79877
4.939996,3.510912,1.031876,1.763927,31.37129,-68.4873
4.959996,3.530955,1.002121,1.771094,34.6163,-68.98993
4.979996,3.549012,0.9028673,2.04484,37.06216,-69.4245
4.999996,3.565894,0.8440971,2.168057,38.35609,-70.10925
5.019996,3.582297,0.8201599,2.01489,39.13875,-70.93893
5.039996,3.598458,0.8080482,1.871308,39.43761,-70.44638
5.059996,3.613631,0.7586479,2.048402,41.13816,-70.10718
5.079996,3.628203,0.7285833,2.324548,42.44977,-69.10526
5.099996,3.64244,0.7118464,2.644408,43.51025,-67.86111
5.119996,3.65661,0.7085323,2.918078,44.39521,-66.57199
5.139996,3.670753,0.7071257,2.912043,45.52849,-65.13965
5.159996,3.68521,0.7228374,2.615035,46.77306,-63.72983
5.179996,3.700009,0.7399797,2.155523,48.12807,-62.30048
5.199996,3.715236,0.7613182,1.655791,49.58322,-60.90704
5.219996,3.730912,0.7838249,1.171159,51.08562,-59.52399
5.239996,3.746695,0.7891417,0.6305944,52.56397,-59.60712
5.259996,3.762061,0.7683039,0.2910652,52.93679,-59.88333
5.279996,3.777184,0.7561445,0.1178632,51.95611,-59.92651
5.299996,3.792184,0.7499933,-0.1029968,50.28404,-59.85382
5.319996,3.805789,0.6802559,-1.178894,47.93898,-59.38361
5.339996,3.817561,0.5886078,-1.416779,46.46019,-60.36996
5.359996,3.829498,0.5968571,-0.8249817,45.49179,-62.10071
5.379996,3.842552,0.6526709,-0.125,44.7698,-64.07599
5.399996,3.856913,0.7180691,0.5221055,44.2003,-66.09103
5.419996,3.850528,-0.3192425,2.248173,45.98015,-66.03842
5.439996,3.841534,-0.4497051,2.447174,46.92852,-65.97733
5.459996,3.832242,-0.4646063,2.33221,47.23599,-66.00745
5.479996,3.824281,-0.3980637,2.416643,47.45042,-66.13403
5.499996,3.81894,-0.2670527,2.613283,47.39786,-66.14377
5.519996,3.815658,-0.1640797,2.753083,46.8728,-66.11469
5.539996,3.814235,-0.07116795,2.924774,46.05322,-66.09821
5.559996,3.814709,0.02372265,2.941026,45.1473,-66.07675
5.579996,3.816887,0.1088858,2.986362,44.27156,-66.07877
5.599996,3.820782,0.1947403,3.03143,43.46959,-66.12714
5.619996,3.826283,0.2750397,3.050575,42.7029,-66.0748
5.639996,3.833123,0.3420353,2.968136,41.75961,-65.94672
5.659996,3.840235,0.3556013,2.834818,41.96582,-66.73703
5.679996,3.847479,0.3622055,2.64767,42.01905,-67.13452
5.699996,3.855036,0.3778219,2.663858,40.91901,-66.94464
5.719995,3.861593,0.3278732,2.998697,38.77332,-66.70398
5.739995,3.867166,0.278616,3.627129,36.25678,-66.64618
5.759995,3.873075,0.2954483,3.98316,33.63263,-66.38486
5.779995,3.882481,0.4703283,3.832372,31.19327,-65.88629
5.799995,3.894215,0.5867004,4.124432,29.33733,-66.08038
5.819995,3.907169,0.6477118,4.565863,26.91893,-66.09296
5.839995,3.920483,0.6656885,4.795776,25.04878,-66.08002
5.859995,3.932078,0.5797386,4.88413,24.20192,-67.37271
5.879995,3.9409,0.4411221,5.268135,22.98732,-65.9632
5.899995,3.946033,0.2566338,5.238575,22.83534,-65.93506
5.919995,3.948532,0.1249313,5.112706,22.55865,-65.97211
5.939995,3.950125,0.07965565,4.694988,22.70779,-66.03876
5.959995,3.951997,0.09362698,4.257697,23.08122,-66.08057
5.979995,3.954095,0.1048803,3.861586,23.36885,-66.07196
5.999995,3.955478,0.06914139,3.828284,24.13527,-66.43256
6.019995,3.956306,0.04141331,3.8553,24.60165,-66.8551
6.039995,3.957031,0.03626347,4.19486,25.01027,-67.10242
6.059995,3.958037,0.05030632,4.354598,25.34127,-67.1777
6.079995,3.95966,0.08111,4.375284,25.83352,-67.2193
6.099995,3.96166,0.1000404,4.103054,26.35656,-67.14703
6.119995,3.9639,0.1119614,3.837543,26.93582,-67.13834
6.139995,3.9662,0.115037,3.611952,27.01614,-66.54117
6.159995,3.96915,0.1474857,3.342671,27.35603,-66.22815
6.179995,3.972817,0.1833677,2.952249,28.00039,-66.16583
6.199995,3.976739,0.1960754,2.426553,28.51388,-66.01801
6.219995,3.98063,0.1945496,1.229009,31.05015,-68.71771
6.239995,3.984506,0.1937866,1.731217,29.76518,-66.5737
6.259995,3.990317,0.2905607,2.036692,29.93508,-66.40771
6.279995,3.998258,0.3970623,2.33675,31.04044,-66.45325
6.299995,4.007909,0.4825354,2.60322,32.62729,-66.59647
6.319995,4.018612,0.5351543,2.601742,34.66144,-66.7691
6.339995,4.030269,0.5828381,2.130969,36.59404,-66.71823
6.359995,4.042413,0.6072044,1.572372,38.57146,-66.46982
6.379995,4.055025,0.6306171,0.9803488,40.52695,-66.27191
6.399995,4.067839,0.6406784,0.350606,42.54568,-66.0863
6.419995,4.080276,0.6218433,0.2338762,45.70382,-67.41809
6.439995,4.090619,0.5171537,-0.1461182,46.1805,-66.01563
6.459995,4.09884,0.4110575,-1.030426,46.50964,-65.80502
6.479995,4.106266,0.3713131,-1.260468,46.45503,-65.89008
6.499995,4.113455,0.3594398,-1.216064,46.01929,-65.98071
6.519995,4.121312,0.3928661,-1.274994,45.38213,-66.0033
6.539995,4.130524,0.4606009,-0.8989563,44.79766,-66.02679
6.559995,4.141284,0.5380154,-0.2965698,44.4701,-66.28656
6.579995,4.153493,0.6104469,0.403209,44.11888,-66.06754
6.599995,4.16706,0.6783247,1.121003,43.99181,-66.10077
6.619995,4.181777,0.7358789,1.857074,43.83939,-66.0683
6.639995,4.196989,0.7605791,2.098603,42.86579,-66.05127
6.659995,4.211073,0.7041931,2.140628,41.6564,-66.19012
6.679995,4.223877,0.6402016,2.138668,40.07964,-66.11411
6.699995,4.236512,0.6317377,2.215017,38.6283,-66.40601
6.719995,4.249143,0.6315708,2.263764,36.71677,-66.40134
6.739995,4.261162,0.600934,2.397447,34.18631,-66.18262
6.759995,4.272382,0.5610228,2.630804,31.54752,-65.92279
6.779994,4.283976,0.5796909,2.658339,29.70799,-66.07675
6.799994,4.295511,0.5767345,3.082571,27.676,-66.07373
6.819994,4.307085,0.5787134,3.482117,25.50703,-66.0896
6.839994,4.318839,0.5877018,4.09157,23.52736,-66.25162
6.859994,4.329111,0.5136013,4.940861,21.64495,-66.12445
6.879994,4.337656,0.4272699,5.505687,20.1291,-66.08835
6.899994,4.345125,0.373435,5.611739,18.53255,-66.11127
6.919994,4.352678,0.3776312,5.649738,16.72519,-66.14459
6.939994,4.360424,0.387311,5.549349,16.16974,-66.12357
6.959994,4.367754,0.3664732,5.457819,16.98058,-66.11026
6.979994,4.374753,0.3499508,5.629869,18.42961,-66.26355
6.999994,4.382164,0.370574,5.675713,20.0234,-66.9361
7.019994,4.389674,0.3755093,5.761534,21.34095,-67.34042
7.039994,4.39682,0.3572702,5.446448,21.56817,-66.69376
7.059994,4.40508,0.4130125,5.045174,22.17376,-66.27631
7.079994,4.413366,0.4143,4.605856,22.95452,-65.84619
7.099994,4.420931,0.3782511,4.545885,27.82456,-70.60242
7.119994,4.426292,0.268054,4.010066,26.23489,-65.80243
7.139994,4.430558,0.2133131,4.380616,31.03545,-66.79236
7.159994,4.433668,0.1554966,4.410676,34.03542,-66.02347
7.179994,4.436643,0.1487494,4.263545,36.54166,-66.07697
7.199994,4.440374,0.1865625,4.032838,38.22246,-66.11469
7.219994,4.444936,0.2280712,3.713102,40.33699,-67.08258
7.239994,4.449332,0.2197981,3.435364,41.51394,-67.42139
7.259994,4.45325,0.1959324,3.460347,41.59255,-67.22369
7.279994,4.457163,0.1956224,3.797628,41.21662,-66.97772
7.299994,4.463099,0.2968311,4.300003,41.2383,-66.77509
7.319994,4.470698,0.37992,4.553006,41.67123,-66.36826
7.339994,4.479402,0.4351854,4.686736,43.04754,-66.67087
7.359994,4.488261,0.4429579,4.735434,44.08479,-66.74442
7.379994,4.497099,0.4419088,4.912091,44.64468,-66.52151
7.399994,4.504463,0.3682137,4.822079,45.25808,-66.01166
7.419994,4.510504,0.3020525,5.135067,47.12226,-67.57501
7.439994,4.516496,0.2995729,5.18925,46.21124,-66.00208
7.459994,4.525131,0.431776,5.502732,45.97212,-66.07764
7.479994,4.536096,0.5482435,5.872591,44.80813,-66.08813
7.499994,4.54922,0.6561756,6.178326,42.8693,-66.12589
7.519994,4.564219,0.7499695,5.989972,40.5676,-66.0791
7.539994,4.581,0.8390665,6.037928,39.05052,-66.67984
7.559994,4.59906,0.9029865,6.162275,37.63095,-66.09265
7.579994,4.617769,0.9354591,6.339009,36.9051,-66.10181
7.599994,4.636755,0.9493113,6.477906,36.20531,-66.10962
7.619994,4.654864,0.9054184,6.938335,35.90521,-66.21771
7.639994,4.671732,0.8434296,7.015724,34.7788,-65.97498
7.659994,4.687795,0.8031368,7.144812,32.88773,-65.76294
7.679994,4.703455,0.7830143,7.184861,31.03912,-66.05969
7.699994,4.718952,0.7748127,7.13644,28.62107,-65.8533
7.719994,4.734269,0.7658482,7.020574,26.45739,-65.9559
7.739994,4.748864,0.7297516,7.081906,25.11047,-66.48694
7.759994,4.762324,0.6730318,7.107523,23.4058,-66.4184
7.779994,4.774796,0.6236076,7.558078,21.15169,-65.55447
7.799994,4.786274,0.5738735,8.21534,19.38714,-66.06146
7.819993,4.795833,0.4779577,8.96565,17.49591,-66.01923
7.839993,4.803047,0.3607035,9.142527,16.95837,-66.58829
7.859993,4.808502,0.2727509,8.835679,16.87124,-66.03015
7.879993,4.813259,0.2378225,8.376451,17.42914,-66.04413
7.899993,4.816803,0.1772404,8.454136,18.44663,-66.57477
7.919993,4.819594,0.1395226,8.823969,19.21025,-66.84619
7.939993,4.821535,0.09703636,9.023314,19.22207,-66.3306
7.959993,4.823519,0.09920597,9.010656,19.30643,-65.95087
7.979993,4.826142,0.1311541,7.986292,21.64132,-68.85953
7.999993,4.828827,0.1342773,8.281214,20.75883,-66.87787
8.019994,4.832791,0.1981735,8.120854,20.88956,-66.27594
8.039994,4.837666,0.2437592,7.801189,21.27641,-65.80353
8.059995,4.842784,0.2559185,6.793551,26.95182,-71.34924
8.079995,4.847919,0.256753,6.66155,25.23245,-66.59381
8.099996,4.855575,0.382781,6.184028,26.36128,-66.10797
8.119996,4.864552,0.4488707,5.634058,27.83756,-65.80902
8.139997,4.873349,0.4398346,4.795504,33.36494,-70.9696
8.159997,4.88242,0.4535437,4.689973,32.20545,-66.47272
8.179997,4.893385,0.5482674,4.334681,33.76035,-66.13879
8.199998,4.905056,0.5835056,4.014684,35.85697,-66.1192
8.219998,4.915833,0.5388498,3.926701,38.65079,-65.70557
8.239999,4.926332,0.5249977,3.712232,41.62554,-66.21082
8.259999,4.937181,0.5424261,3.553749,43.39253,-66.14011
8.28,4.948483,0.5651236,3.369498,44.95887,-66.27417
8.3,4.960144,0.5830288,2.910266,46.62108,-66.65018
8.320001,4.972279,0.6067514,2.425558,47.97809,-66.68216
8.340001,4.982629,0.5174875,2.403826,48.01809,-66.29535
8.360002,4.990233,0.3802299,2.672347,47.32394,-66.12415
8.380002,4.997121,0.3443956,2.715501,46.91007,-66.57953
8.400002,5.003592,0.3235579,2.827505,46.44998,-66.78555
8.420003,5.01061,0.3508568,2.807243,45.90582,-66.90399
8.440003,5.017925,0.3657818,2.577111,44.06264,-66.4169
8.460004,5.026644,0.4359484,2.614659,42.33378,-66.26062
8.480004,5.037037,0.5196333,2.877429,40.75277,-66.12717
8.500005,5.04925,0.6106377,3.389785,39.38779,-66.04114
8.520005,5.063079,0.6914854,3.984779,38.17239,-65.96442
8.540006,5.078434,0.7677317,4.47281,36.93179,-65.98611
8.560006,5.095104,0.8335114,4.804964,35.63408,-66.07559
8.580007,5.112611,0.8753538,5.078566,34.41227,-66.23309
8.600007,5.129884,0.8636236,5.251615,33.3644,-66.46918
8.620008,5.146523,0.8319855,5.327939,31.88433,-66.30997
8.640008,5.163348,0.8412123,5.632274,29.64913,-65.83313
8.660008,5.180445,0.8548498,5.674032,27.73442,-66.12927
8.680009,5.197322,0.8438826,5.729931,25.39361,-66.13165
8.700009,5.214294,0.8485794,5.706147,23.10265,-66.13641
8.72001,5.230382,0.8044243,5.88422,20.92636,-66.10388
8.74001,5.243192,0.6404638,6.521359,19.87798,-66.01028
8.760011,5.253117,0.4962683,6.496796,19.77262,-66.28104
8.780011,5.26179,0.4336357,6.272132,20.01996,-66.04077
8.800012,5.270035,0.4122734,6.048899,20.33064,-66.09583
8.820012,5.278238,0.4101276,5.843501,20.58017,-66.17487
8.840013,5.286009,0.3885508,5.706769,21.50421,-66.31717
8.860013,5.29353,0.3760576,5.785749,23.21913,-66.84592
8.880013,5.30114,0.3805161,5.83814,24.64211,-66.96921
8.900014,5.308835,0.3847122,5.787805,25.86115,-66.91183
8.920014,5.316783,0.3974438,5.685987,27.00938,-66.86884
8.940015,5.325113,0.4164696,5.639879,27.94118,-66.64563
8.960015,5.334231,0.455904,5.663963,29.08725,-66.44528
8.980016,5.34386,0.4814625,5.623048,30.52058,-66.40897
9.000016,5.353881,0.5010366,5.541327,32.08152,-66.4614
9.020017,5.364159,0.5139112,5.472237,33.72147,-66.55347
9.040017,5.374281,0.5060911,5.385328,35.2076,-66.40414
9.060018,5.384067,0.4892826,5.224914,36.68148,-66.22495
9.080018,5.393508,0.4720926,4.959062,38.17958,-66.11053
9.100019,5.403041,0.4766464,4.670076,39.9682,-66.33258
9.120019,5.412848,0.4903555,4.37519,41.93207,-66.72534
9.140019,5.422901,0.5026102,3.966328,43.71806,-66.88171
9.16002,5.433155,0.5126953,3.544255,45.33191,-66.78152
9.18002,5.443919,0.5382299,3.247002,46.25034,-66.45941
9.200021,5.455145,0.5613089,2.993699,47.21264,-66.51025
9.220021,5.466985,0.5919933,2.78948,48.14786,-66.56146
9.240022,5.478752,0.5883455,2.534697,48.5501,-66.91934
9.260022,5.489618,0.5432844,2.082699,46.61884,-66.40561
9.280023,5.500814,0.5598068,1.320863,44.20053,-66.15381
9.300023,5.513771,0.647831,0.8295493,42.38145,-66.06732
9.320024,5.528146,0.7187605,0.4280911,41.03007,-66.01324
9.340024,5.543719,0.7786512,0.7270304,40.17024,-66.03378
9.360024,5.560838,0.8559704,1.468436,39.67788,-66.25931
9.380025,5.579514,0.9337664,2.256092,39.4866,-66.09485
9.400025,5.599384,0.9935379,2.88817,39.64481,-66.10333
9.420026,5.62045,1.053262,3.250769,39.91854,-66.13138
9.440026,5.641304,1.042747,3.719846,39.45476,-65.67465
9.460027,5.661122,0.9908915,4.117896,39.30501,-66.19604
9.480027,5.679548,0.9212971,4.517534,38.47489,-65.97647
9.500028,5.697356,0.8903742,4.848915,37.52006,-65.92096
9.520028,5.714883,0.8763552,5.190841,36.85462,-66.10242
9.540029,5.732143,0.8630037,5.237245,35.46007,-66.06177
9.560029,5.749357,0.8606911,5.574505,33.44367,-65.81433
9.580029,5.766217,0.8430243,5.608565,31.45467,-66.12671
9.60003,5.783191,0.8486748,5.858129,29.1807,-66.12201
9.62003,5.800438,0.8623838,5.974098,27.03643,-66.12939
9.640031,5.815378,0.7469654,7.004288,24.92263,-66.0531
9.660031,5.826344,0.5482912,7.439914,23.15012,-65.98325
9.680032,5.835233,0.4444838,7.388421,21.78968,-66.00482
9.700032,5.843444,0.4105568,7.29501,20.28324,-66.05957
9.720033,5.851788,0.4171848,7.275322,18.41474,-66.12305
9.740033,5.859854,0.4033089,7.194403,17.38786,-66.10455
9.760034,5.867399,0.3772259,7.165722,17.44175,-66.09851
9.780034,5.87469,0.3645658,7.027256,18.21718,-66.09445
9.800035,5.880986,0.314784,7.330154,19.83788,-66.46515
9.820035,5.887191,0.3102779,7.60779,21.31425,-66.94348
9.840035,5.893135,0.2971649,7.49377,21.83467,-66.58023
9.860036,5.899176,0.3020525,7.550466,22.05132,-66.19223
9.880036,5.906114,0.346899,7.577239,22.54154,-66.08054
9.900037,5.91335,0.3618002,7.472329,25.71107,-69.69333
9.920037,5.919965,0.3307819,7.469299,24.46088,-66.45648
9.940038,5.927921,0.3978014,7.283534,25.19892,-66.13062
9.960038,5.936242,0.4160404,7.177919,26.245,-66.03082
9.980039,5.944595,0.4176617,6.957073,29.79216,-69.8038
10.00004,5.952394,0.3899336,6.793261,28.99267,-66.62488
10.02004,5.961627,0.4616499,6.586392,30.23723,-66.52689
10.04004,5.971607,0.4989862,6.562747,31.73444,-66.59531
10.06004,5.982404,0.5398512,6.629755,33.5109,-66.75281
10.08004,5.993976,0.5785942,6.648643,35.3826,-66.97723
10.10004,6.006279,0.6151438,6.730926,37.2494,-67.05795
10.12004,6.01921,0.6465673,6.754789,39.01194,-66.9696
10.14004,6.032768,0.6779194,6.576985,41.07274,-67.05972
10.16004,6.046365,0.6798267,6.247218,42.75082,-66.78882
10.18004,6.060008,0.6821632,5.724367,43.25376,-66.41605
10.20004,6.073608,0.6800175,5.128129,43.5288,-66.2403
10.22004,6.087609,0.7000446,4.62404,43.93956,-66.09488
10.24004,6.099795,0.6092787,3.919043,43.16625,-65.69293
10.26005,6.110292,0.5248547,3.696061,42.43126,-66.09125
10.28005,6.121521,0.5614519,3.595071,41.52547,-66.08301
10.30005,6.134186,0.6332397,2.87509,41.16695,-65.9541
10.32005,6.147909,0.6861448,2.714025,40.66108,-65.97467
10.34005,6.163228,0.7659674,3.321738,40.13317,-66.01941
10.36005,6.179629,0.8200645,4.064951,39.86753,-66.25775
10.38005,6.19665,0.8510351,4.79917,39.75064,-66.06091
10.40005,6.213686,0.8517742,5.514222,39.96201,-66.26489
10.42005,6.230243,0.8278847,6.232635,40.00474,-66.01483
10.44005,6.245885,0.7821083,6.601843,39.64621,-66.00281
10.46005,6.26059,0.7352352,7.029508,38.80016,-66.02655
10.48005,6.27459,0.7000208,7.43839,37.84187,-66.11063
10.50005,6.28828,0.6844521,7.829345,36.8544,-66.0799
10.52005,6.301919,0.6819963,8.141334,35.92881,-66.16351
10.54005,6.315818,0.6949425,8.465521,34.54381,-66.11841
10.56005,6.330328,0.7255077,8.759737,32.79627,-66.13477
10.58005,6.34546,0.7565737,9.23393,30.80718,-66.14166
10.60005,6.36081,0.7674932,9.842836,28.63663,-66.1358
10.62005,6.374496,0.684309,10.74889,26.16134,-66.02921
10.64005,6.384161,0.4832268,11.00971,24.54633,-66.88431
10.66005,6.390368,0.3103971,11.06719,22.93738,-65.91806
10.68005,6.394933,0.2282143,11.00851,22.32623,-66.00082
10.70006,6.399131,0.2099037,10.86393,21.42529,-66.06775
10.72006,6.404067,0.2467871,10.64999,20.15048,-66.11487
10.74006,6.408677,0.2305031,10.28813,19.76304,-66.0928
10.76006,6.412495,0.1909018,9.918441,20.54523,-66.11075
10.78006,6.416266,0.1885891,9.490899,22.20679,-66.13031
10.80006,6.420278,0.2005816,9.201987,23.73664,-66
10.82006,6.424624,0.2173185,8.857345,26.2649,-68.20941
10.84006,6.427951,0.1663446,8.352783,26.02178,-67.22702
10.86006,6.432085,0.2066851,7.878424,25.79837,-66.61038
10.88006,6.438138,0.3026724,7.677427,26.33967,-66.60187
10.90006,6.445572,0.3716946,7.452931,27.0841,-66.50558
10.92006,6.454184,0.430584,7.25421,28.22535,-66.32947
10.94006,6.464233,0.5024433,6.959071,29.93869,-66.4248
10.96006,6.475406,0.5586624,6.546923,32.12155,-66.39819
10.98006,6.487844,0.6219149,6.017035,34.48945,-66.47742
11.00006,6.500671,0.641346,5.709678,37.28005,-66.31461
11.02006,6.512015,0.5671978,5.290934,42.11581,-65.80304
11.04006,6.522147,0.506568,5.057229,45.63954,-66.05518
11.06006,6.532229,0.5041361,4.874405,47.32074,-66.06216
11.08006,6.542397,0.5083561,4.715323,48.03021,-66.06638
11.10006,6.552339,0.4971027,4.633366,48.77259,-66.1286
11.12006,6.561989,0.4825115,4.45154,50.15477,-66.43311
11.14007,6.571281,0.4646063,4.413776,50.88677,-66.62061
11.16007,6.580092,0.4405499,4.514998,50.72194,-66.80609
11.18007,6.588604,0.4256248,4.641861,49.61349,-66.70834
11.20007,6.597168,0.4281998,4.436888,48.24823,-66.80811
11.22007,6.606378,0.4604816,4.356365,46.96876,-66.87729
11.24007,6.615026,0.4324198,3.633039,45.26604,-66.38345
11.26007,6.623532,0.4252911,3.191813,43.7951,-66.23224
11.28007,6.632735,0.4601479,2.986766,42.65557,-66.28342
11.30007,6.643122,0.5193472,2.892925,41.77055,-66.3656
11.32007,6.654727,0.5802155,2.808944,40.89659,-66.33481
11.34007,6.667948,0.6610632,2.799221,39.8021,-65.90952
11.36007,6.682576,0.7313967,3.11559,39.61849,-65.9906
11.38007,6.699007,0.8215427,3.282312,39.56083,-65.90887
11.40007,6.717181,0.9087324,3.603492,39.93429,-66.1351
11.42007,6.736643,0.9730816,4.001093,40.69263,-66.45068
11.44007,6.754409,0.8883238,3.958634,40.04539,-66.22241
11.46007,6.77104,0.8315563,4.320996,37.9664,-65.76123
11.48007,6.787567,0.8263111,4.586559,36.04833,-66.10229
11.50007,6.804611,0.8522272,5.104273,33.77316,-65.98022
11.52007,6.821998,0.8693457,5.439149,32.24191,-66.43338
11.54007,6.837901,0.795126,5.667306,29.96772,-66.27014
11.56007,6.851115,0.6607056,6.181053,27.40657,-65.88022
11.58008,6.861789,0.5337,6.400487,25.79985,-65.92355
11.60008,6.869893,0.4051924,6.218017,23.63341,-65.71924
11.62008,6.876515,0.3311157,5.544082,21.68526,-65.8739
11.64008,6.88306,0.3272533,4.8708,21.53195,-67.08313
11.66008,6.888789,0.2864361,4.592747,22.84288,-67.27686
11.68008,6.894846,0.3028631,4.362064,24.06291,-67.39682
11.70008,6.900968,0.3060818,3.959201,24.87273,-67.09589
11.72008,6.907589,0.3310919,3.604932,25.72807,-66.90689
11.74008,6.914691,0.3550768,3.606041,26.38924,-66.69046
11.76008,6.92269,0.3999472,4.013616,27.37872,-66.75543
11.78008,6.931459,0.4384756,4.444022,28.48057,-66.82617
11.80008,6.941025,0.4782677,4.793335,29.77773,-66.86929
11.82008,6.951337,0.5156279,4.905429,31.25413,-66.85986
11.84008,6.962394,0.552845,4.966697,32.9736,-66.87704
11.86008,6.973865,0.5735397,4.788311,34.75626,-66.84039
11.88008,6.985841,0.5988121,4.607502,36.54111,-66.68149
11.90008,6.998264,0.6211281,4.41438,38.53893,-66.65375
11.92008,7.010969,0.6352425,4.279323,40.5266,-66.52792
